item_code,item_name,uom,item_group,description
VT260041,Que đè lưỡi gỗ Tanaphar,Que,Vật tư tiêu hao,Hãng SX: Tanaphar/ Việt Nam | Nước SX: Việt Nam
HC18099,03002721122 GGT G2-400T COBAS C/INTEGRA,test,Hóa chất,
VT230073,3MTM ComplyTM Steam Indicator Tape,Cuộn,Vật tư tiêu hao,Hãng SX: 3M/Canada
HC0171,ACID WASH (2X1.8L),Hộp,Hóa chất,
HC18117,ACID WASH SOLUTION,Hộp,Hóa chất,
NT0303,Adaptor máy đo huyết áp Omron/Philippines,Chiếc,Vật tư tiêu hao,Hãng SX: Omron/Philippines
HC18017,AFP CS GEN2.1 ELEC,Hộp,Hóa chất,
HC0070,AFP CS GEN2.1 ELEC,Hộp,Hóa chất,
HC18016,AFP RP GEN1.1ELEC,test,Hóa chất,
HC0069,AFP RP GEN1.1ELEC,test,Hóa chất,
HC0157,ALB-T 100T COBAS C INT.,test,Hóa chất,
HC18103,ALB-T 100T COBAS C INT.,test,Hóa chất,
2020HC15,Albumin,Hộp,Hóa chất,
2021HC08,Albumin,Hộp,Hóa chất,
HC18141,Albumin,Hộp,Hóa chất,
HC0002,Albumin,Hộp,Hóa chất,
NT0242,ALFASEPT HANDGEL,Lít,Vật tư tiêu hao,Hãng SX: Việt Nam
NT0040,Alfasept Handrub ( Chai 500ml),Lít,Vật tư tiêu hao,Hãng SX: Việt Nam
HC18093,ALP IFCC G2 S 200T COBAS C,test,Hóa chất,
HC0147,ALP IFCC G2 S 200T COBAS C,test,Hóa chất,
HC0005,Alpha-Amylase,Hộp,Hóa chất,
2020HC17,ALT,Hộp,Hóa chất,
HC18143,ALT,Hộp,Hóa chất,
HC0004,ALT,Hộp,Hóa chất,
2021HC10,ALT,Hộp,Hóa chất,
HC0148,"ALTL, 500T COBAS C/INTEGRA",test,Hóa chất,
HC18094,"ALTL, 500T COBAS C/INTEGRA",test,Hóa chất,
HC0149,AMY-P 200T COBAS C/INT,test,Hóa chất,
HC18095,AMY-P 200T COBAS C/INT,test,Hóa chất,
2020HC85,Anti- B,Lọ,Hóa chất,
HC0199,Anti- B,Lọ,Hóa chất,
HC18211,Anti- B,Lọ,Hóa chất,
2021HC154,Anti- B,Lọ,Hóa chất,
HC18213,Anti- D,Lọ,Hóa chất,
2021HC155,Anti- D (Anti-Rh),Lọ,Hóa chất,
2020HC86,Anti- HCV,test,Hóa chất,
HC18212,Anti- HCV,test,Hóa chất,
2020HC87,Anti-D (Anti-Rh),Lọ,Hóa chất,
HC0092,ANTI-HAV IGM ELEC,test,Hóa chất,
HC18039,ANTI-HAV IGM ELEC,test,Hóa chất,
HC0102,ANTI-HBC,test,Hóa chất,
HC0104,ANTI-HBC IGM ELEC,test,Hóa chất,
HC18050,ANTI-HBC IGM ELEC,test,Hóa chất,
HC0108,ANTI-HBE ELEC,test,Hóa chất,
HC18054,ANTI-HBE ELEC,test,Hóa chất,
HC0100,ANTI-HBS ELEC,test,Hóa chất,
HC18042,Anti-HCV G2 cobas e 100,test,Hóa chất,
HC0096,Anti-HCV G2 cobas e 100,test,Hóa chất,
HC0095,Anti-HCV G2 cobas e 200,test,Hóa chất,
2021HC152,Anti - A,Lọ,Hóa chất,
HC18209,Anti - A,Lọ,Hóa chất,
HC0197,Anti - A,Lọ,Hóa chất,
2020HC83,Anti - A,Lọ,Hóa chất,
2020HC84,Anti - AB,Lọ,Hóa chất,
HC18210,Anti - AB,Lọ,Hóa chất,
2021HC153,Anti - AB,Lọ,Hóa chất,
HC0198,Anti - AB,Lọ,Hóa chất,
2020HC102,Anti HCV,test,Hóa chất,
HC0202,Anti HCV,test,Hóa chất,
2021HC163,Anti HCV,test,Hóa chất,
HC18228,Anti HCV,test,Hóa chất,
VT312,Áo phẫu thuật,Cái,Vật tư tiêu hao,Hãng SX: Bảo Thạch/Việt Nam
VT230101,Áo phẫu thuật,Chiếc,Vật tư tiêu hao,Hãng SX: Memco/Việt Nam - Việt Nam
NT220013,Áo phẫu thuật dùng 1 lân,Chiếc,Vật tư tiêu hao,Hãng SX: Phúc Hà/ Việt Nam
NT210059,Áo phẫu thuật dùng 1 lần,Cái,Vật tư tiêu hao,Hãng SX: Việt Nam
NT0158,Áo phẫu thuật dùng 1 lần,Chiếc,Vật tư tiêu hao,Hãng SX: Việt Nam
NT230016,Áo phẫu thuật dùng 1 lần,Cái,Vật tư tiêu hao,Hãng SX: Phúc Hà/ Việt Nam
VT395,Áo phẫu thuật dùng 1 lần,Chiếc,Vật tư tiêu hao,Hãng SX: Việt Nam
2021HC138,APTT Si L Minus,Hộp,Hóa chất,
2020HC68,APTT Si L Minus,Hộp,Hóa chất,
HC18194,APTT Si L Minus,Hộp,Hóa chất,
HC0154,"ASLO TQ, 150T COBAS C",test,Hóa chất,
HC18100,"ASLO TQ, 150T COBAS C",test,Hóa chất,
VT308,ASSAY TIP/CUP E170,Hộp,Vật tư tiêu hao,Hãng SX: Roche/ Nhật
HC0006,AST,Hộp,Hóa chất,
2020HC19,AST,Hộp,Hóa chất,
HC18145,AST,Hộp,Hóa chất,
2021HC12,AST,Hộp,Hóa chất,
HC0150,"ASTL, 500T COBAS C,/INTEGRA",test,Hóa chất,
HC18096,"ASTL, 500T COBAS C,/INTEGRA",test,Hóa chất,
VT302,Ba Chạc nối dây truyền,Chiếc,Vật tư tiêu hao,Hãng SX: Asimec/Việt Nam
NT0154,Bậc Inox 2 bậc ( Inox 201) KT: 30x30 (VN),Chiếc,Dụng cụ y tế,Hãng SX: Việt Nam
NT0250,Bậc Inox 201 kích thước 40X40cm /VN,Chiếc,Dụng cụ y tế,Hãng SX: Việt Nam
NT230180,Bậc lên xuống 1 bậc,Cái,Dụng cụ y tế,Hãng SX: Hải Hà
NT230181,Bậc lên xuống 2 bậc,Cái,Dụng cụ y tế,Hãng SX: Hải Hà
VT250058,Bàn chải phẫu thuật,Cái,Vật tư tiêu hao,Hãng SX: Greetmed | Nước SX: Trung Quốc
VT250057,Bản cực trung tính dùng cho dao mổ điện,Cái,Vật tư tiêu hao,"Hãng SX: Baisheng Medical Co.,Ltd | Nước SX: Trung Quốc"
NT230179,Bàn đựng dụng cụ - Bàn inox 2 tầng để dụng cụ,Cái,Dụng cụ y tế,Hãng SX: Hải Hà
NT230109,Bàn khám phụ khoa,Chiếc,Thiết bị y tế,Hãng SX: 3A/Việt Nam
TBYT015,"Bàn tip Inox (Inox 201) Kt:400x600mm, cao:800mm, VN",Chiếc,Thiết bị y tế,Hãng SX: Việt Nam
NT230187,Bàn tít (nhỏ),Cái,Dụng cụ y tế,Hãng SX: Hải Hà
NT230185,Bàn tít (to),Cái,Dụng cụ y tế,Hãng SX: Hải Hà
NT230186,Bàn tít (trung),Cái,Dụng cụ y tế,Hãng SX: Hải Hà
VT250002,Băng bột bó các cỡ,Cuộn,Vật tư tiêu hao,"Hãng SX: Anji Sunlight Medical Products Co.,Ltd - Trung Quốc"
VT007,Băng cá nhân cỡ 2cm x 6cm,Miếng,Vật tư tiêu hao,Hãng SX: Urgo/Thái Lan
VT008,"Băng chỉ thị nhiệt hấp ướt 1,2cm x 55m",Cuộn,Vật tư tiêu hao,Hãng SX: B.Braun
NT230090,"Băng cuộn 0,1 x 3m",Cuộn,Vật tư tiêu hao,Hãng SX: An Lành/Việt Nam
VT250018,Băng cuộn 10cm x 5m,Cuộn,Vật tư tiêu hao,Hãng SX: Công ty TNHH Đầu tư và Thương mại An Lành | Nước SX: Việt Nam
VT009,Băng cuộn cỡ 10cm x 3m,Cuộn,Vật tư tiêu hao,Hãng SX: Đại Minh/Việt Nam
TH0265,Băng cuộn y tế 0.09x2.5m,Cuộn,Vật tư tiêu hao,Hãng SX: Việt Nam
NT230060,"Bảng đầu giường ,giường không lỗ",Chiếc,Vật tư tiêu hao,Hãng SX: Minh Hải/Việt Nam
NT230059,"Bảng đầu giường,giường có lỗ",Chiếc,Vật tư tiêu hao,Hãng SX: Minh Hải/Việt Nam
NT230058,"Bảng đầu giường,giường Inox",Chiếc,Vật tư tiêu hao,Hãng SX: Minh Hải/Việt Nam
NT0252,Băng dính cá nhân,Miếng,Vật tư tiêu hao,Hãng SX: Tanaphar/Việt Nam
NT210016,Băng dính cá nhân,Miếng,Vật tư tiêu hao,Hãng SX: Tanaphar/Việt Nam
VT210075,Băng dính cá nhân y tế,Miếng,Vật tư tiêu hao,Hãng SX: Tanaphar/Việt Nam
NT220089,Băng dính cá nhân y tế - TANAPHAR-Việt Nam,Miếng,Vật tư tiêu hao,Hãng SX: Tanaphar/Việt Nam
VT230019,Băng dính cá nhân y tế UGOTANA (Kích thước: 19mmx72mm ),Miếng,Vật tư tiêu hao,Hãng SX: Công ty cổ phần Tanaphar
TH0001,Băng dính cá nhân y tế URGOTANA SIZE 19mm x 72mm,Miếng,Vật tư tiêu hao,Hãng SX: Tanaphar/Việt Nam
VT250017,"Băng dính cá nhân, kích thước 19x72mm",Cái,Vật tư tiêu hao,Hãng SX: Zhejiang bangli | Nước SX: Trung Quốc
VT230115,Băng dính cuộn vải lụa y tế UGOTANA(KT: 1.25cm x 5m),Cuộn,Vật tư tiêu hao,Hãng SX: Tanaphar/Việt Nam - Việt Nam
VT230116,Băng dính cuộn vải lụa y tế UGOTANA(KT: 2.5cm x 5m),Cuộn,Vật tư tiêu hao,Hãng SX: Tanaphar/Việt Nam - Việt Nam
TH0002,"Băng dính cuộn vải lụa y tế URGOTANA KT 1,25cm x 5m",Cuộn,Vật tư tiêu hao,Hãng SX: Tanaphar/Việt Nam
NT0243,"Băng dính cuộn vải lụa y tế urgotana kt 2,5cm x 5m",Cuộn,Vật tư tiêu hao,Hãng SX: Tanaphar/Việt Nam
TH0193,"Băng dính cuộn vải lụa y tế URGOTANA KT 2,5cm X 5m",Cuộn,Vật tư tiêu hao,Hãng SX: Tanaphar/Việt Nam
VT010,Băng dính Lọại tròn cỡ Ø2cm,Cuộn,Vật tư tiêu hao,Hãng SX: Urgo/Thái Lan
VT210076,"Băng dính lụa 1,25cm x 5m",Cuộn,Vật tư tiêu hao,Hãng SX: Tanaphar/Việt Nam
VT210077,"Băng dính lụa 2,5cm x 5m",Cuộn,Vật tư tiêu hao,Hãng SX: Tanaphar/Việt Nam
VT011,"Băng dính lụa cỡ 2,5cm x 5m",Cuộn,Vật tư tiêu hao,Hãng SX: Tanaphar/Việt Nam
TH0194,"Băng dính lụa Silk tape 2,5cm x 5m",Cuộn,Vật tư tiêu hao,Hãng SX: Việt Nam
NT0226,Bảng đo mù màu/VN,Bộ,Dụng cụ y tế,Hãng SX: Việt Nam
VT013,Băng gạc đắp vết thương cỡ 8cm x 10cm,Miếng,Vật tư tiêu hao,Hãng SX: Bảo Thạch/Việt Nam
NT0306,Băng keo cá nhân Hansaplast Elastic,Chiếc,Vật tư tiêu hao,Hãng SX: PT.Beierdorf/Indonesia
NT0304,Băng keo cá nhân trong suốt Dokugo ( Zhejiang Huikang Medicinal Articles/China),Miếng,Vật tư tiêu hao,Hãng SX: Trung Quốc
VT324,"Băng keo chỉ thị nhiệt 2,4cmx55mm",Cuộn,Vật tư tiêu hao,Hãng SX: 3M/Canada
NT210022,Băng keo chỉ thị nhiệt hấp ướt,Cuộn,Vật tư tiêu hao,Hãng SX: 3M/Canada
TH0082,Băng keo chỉ thị nhiệt hấp ướt 3M,Cuộn,Vật tư tiêu hao,Hãng SX: Canada
VT014,"Băng keo lụa có độ dính cao cỡ 1,25cm x 5m",Cuộn,Vật tư tiêu hao,Hãng SX: Urgo/Thái Lan
NT260007,Băng keo y tế giấy Urgopore,Hộp,Vật tư tiêu hao,Hãng SX: Urgo/ Thái Lan | Nước SX: Thái Lan
NT260023,Băng keo y tế giấy URGOPORE,Hộp,Vật tư tiêu hao,Hãng SX: Urgo | Nước SX: Thái Lan
NT0115,Bảng kẹp đầu giường,Chiếc,Dụng cụ y tế,Hãng SX: Armephaco
DCYT010,Bảng kẹp đầu giường Inox 201,Chiếc,Dụng cụ y tế,Hãng SX: Việt Nam
VT0348,Băng lụa có độ dính cao 5cmx5m,Cuộn,Vật tư tiêu hao,Hãng SX: Khac
NT230032,Băng mực máy in Godex G500,Băng,Vật tư tiêu hao,Hãng SX: Việt Nam
VT015,Băng mực máy in kim LQ310,Hộp,Vật tư tiêu hao,Hãng SX: Fullmark/Đài Lọan
VT016,"Băng thun 2 móc cỡ 8,5cm x 190cm",Cuộn,Vật tư tiêu hao,Hãng SX: MQ/ Việt Nam
NT230057,"Bảng treo đầu giường,giường khoan trực tiếp",Chiếc,Vật tư tiêu hao,Hãng SX: Minh Hải/Việt Nam
VT017,Băng vải treo tay,Chiếc,Vật tư tiêu hao,Hãng SX: Việt Nam
VT0350,Băng vô trùng 5x7cm,Miếng,Vật tư tiêu hao,Hãng SX: Việt Nam
VT0351,Băng vô trùng 8x10cm,Miếng,Vật tư tiêu hao,Hãng SX: Việt Nam
VT018,"Băng vô trùng trong suốt, không thấm 53mmx80mm(optiskin film)",Miếng,Vật tư tiêu hao,Hãng SX: Optiskin film/Thái Lan
HD22001,Bảng xét nghiệm sàng lọc nhiều loại thuốc (nước tiểu) Multi-Drug Screen Test Panel (Urine) for MOP/AMP/THC/COD/HER,test,Vật tư tiêu hao,
NT250012,Bảng xét nghiệm sàng lọc nhiều loại thuốc (nước tiểu) Multi-Drug Screen test panel (Urine) for MOP/AMP/THC/COD/HER,test,Vật tư tiêu hao,
VT019,Bao cao su,Chiếc,Vật tư tiêu hao,Hãng SX: Pháp
VT210090,Bao cao su,Chiếc,Vật tư tiêu hao,Hãng SX: Công nghệ Cao su Việt Nam/Việt Nam - Việt Nam
TH0195,Bao cao su OK,Chiếc,Vật tư tiêu hao,Hãng SX: Việt Nam
VT020,Bát kền cỡ Ø10cm,Chiếc,Vật tư tiêu hao,Hãng SX: Việt Nam
VT021,Bát kền cỡ Ø8cm,Chiếc,Vật tư tiêu hao,Hãng SX: Việt Nam
NT220023,Bát kền F10,Chiếc,Dụng cụ y tế,Hãng SX: Việt Nam
DCYT033,Bát kền F10,Cái,Dụng cụ y tế,Hãng SX: Việt Nam
NT0278,Bát kền phi 12,Cái,Dụng cụ y tế,Hãng SX: Việt Nam
TH0198,Bay trộn thạch cao nhựa,Cái,Vật tư tiêu hao,Hãng SX: Ấn độ
HC18080,"BIL- T Gen 3, 250T c/I",test,Hóa chất,
HC0135,"BIL-D Gen.2, 350T cobas c",test,Hóa chất,
HC18081,"BIL-D Gen.2, 350T cobas c",test,Hóa chất,
HC0134,"BIL-T Gen.3, 250Tests cobas c,Integra",test,Hóa chất,
NTKH2603,Bình (chai) khí CO2 y tế 10 lít,Chai,Vật tư tiêu hao,Hãng SX: Thanhgas | Nước SX: Việt Nam
NTKH2601,Bình (chai) khí Oxy 10 lít,Chai,Vật tư tiêu hao,Hãng SX: Thanhgas | Nước SX: Việt Nam
NT0045,Bình bơm phun thuốc phòng dịch Model: 3615P,Chiếc,Thiết bị y tế,Hãng SX: Đức
NT210047,Bình bơm phun thuốc phòng dịch. Xuất xứ: Đức. Hãng SX: IGBA Geraetebau GmbH-Model: ES10M,Cái,Thiết bị y tế,Hãng SX: Đức
KH2304,bình Khí CO2(bình 5 lít),Bình,Vật tư tiêu hao,Hãng SX: ThanhGas - Việt Nam
NT0216,Bình nón Duran 100ml/Đức,Cái,Dụng cụ y tế,Hãng SX: Đức
NT0215,Bình nón Duran 50ml/Đức,Cái,Dụng cụ y tế,Hãng SX: Đức
NT220073,Bình nón tam giác 1000ml - Trung Quốc,Chiếc,Vật tư tiêu hao,Hãng SX: Trung Quốc
NT0163,"Bình oxy y tế, Lọại 10 lít",Chiếc,Thiết bị y tế,Hãng SX: Việt Nam
NT0034,Bình tam giác Bộmex MR 100ml,Chai,Dụng cụ y tế,Hãng SX: Trung Quốc
NT0035,Bình tam giác Bộmex MR 250ml,Chai,Dụng cụ y tế,Hãng SX: Trung Quốc
NT0033,Bình tam giác Bộmex MR 500ml,Chai,Dụng cụ y tế,Hãng SX: Trung Quốc
VT0319,Bộ bảo dưỡng (Preventive Maintenance Kit ISE series without TCO2-1 Year),Bộ,Vật tư tiêu hao,Hãng SX: SFRI/Pháp
VT230006,Bộ bơm tiêm sử dụng 1 lần dùng cho máy bơm tiêm điện,Bộ,Vật tư tiêu hao,Hãng SX: Liebel - Flarsheim Company LLC-Mỹ
TH0049,Bộ caThẻter trung tâm 2 nòng,Chiếc,Vật tư tiêu hao,Hãng SX: Pháp
TH0251,Bộ CaThẻter trung tâm 3 nòng,Chiếc,Vật tư tiêu hao,Hãng SX: Pháp
DCYT15,Bộ đặt nội khí quản,Bộ,Dụng cụ y tế,Hãng SX: Pakistan
NT220062,Bộ đặt nội khí quản-Rudolf Riester GmbH-Pakistan,Bộ,Dụng cụ y tế,Hãng SX: Rudolf Riester GmbH/Đức/ Pakistan
NT210012,Bộ đặt nội khí quản 4 lưỡi (Pakistan),Bộ,Dụng cụ y tế,Hãng SX: Pakistan
DCYT011,Bộ đặt nội khí quản nhi,Bộ,Dụng cụ y tế,Hãng SX: Pakistan
VT260086,Bộ dây thở dùng 1 lần,Bộ,Vật tư tiêu hao,"Hãng SX: Ningbo Boya Medical Equipment Co., Ltd/ Trung Quốc | Nước SX: Trung Quốc"
NT240020,Bộ dây thở dùng 1 lần,Bộ,Vật tư tiêu hao,Hãng SX: Ningbo Boya-Trung Quốc - Trung Quốc
NT230166,Bộ dây thở dùng 1 lần,Cái,Vật tư tiêu hao,Hãng SX: NingBộ Bộya-Trung Quốc
NT220063,Bộ dây thở dùng 1 lần-NingBộ Bộya - TQ,Bộ,Vật tư tiêu hao,Hãng SX: NingBộ Bộya-Trung Quốc
TH0108,"Bộ dây thở máy PVC dùng 1 lần, người lớn",Bộ,Vật tư tiêu hao,Hãng SX: Malaysia
VT0015,Bộ dây truyền dịch ECO sử dụng 1 lần kim cánh bướm,Bộ,Vật tư tiêu hao,Hãng SX: Công ty cổ phần nhựa y tế Việt Nam
VT230013,Bộ dây truyền dịch ECO sử dụng 1 lần kim cánh bướm,Bộ,Vật tư tiêu hao,Hãng SX: Công ty cổ phần nhựa y tế Việt Nam
VT260028,Bộ dây truyền dịch Hanomed (Kim tiêm các cỡ ),Bộ,Vật tư tiêu hao,Hãng SX: Công ty CP Tanaphar | Nước SX: Việt Nam
TH0052,Bộ dây truyền dịch không kim cánh bướm,Bộ,Vật tư tiêu hao,Hãng SX: Trung Quốc
VT260081,Bộ dây truyền dịch MPV sử dụng một lần kim cánh bướm,Bộ,Vật tư tiêu hao,Hãng SX: Công ty cổ phần Nhựa y tế Việt Nam/ Việt Nam | Nước SX: Việt Nam
VT0005,Bộ dây truyền dịch sử dụng 1 lần,Bộ,Vật tư tiêu hao,Hãng SX: MPV
NT230094,Bộ dây truyền dịch sử dụng 1 lần,Bộ,Vật tư tiêu hao,Hãng SX: MPV/Việt Nam
VT250023,Bộ dây truyền máu ECO,Cái,Vật tư tiêu hao,Hãng SX: Công ty cổ phần nhựa y tế Việt Nam | Nước SX: Việt Nam
DCYT009,Bộ dụng cụ cắt chỉ,Bộ,Dụng cụ y tế,Hãng SX: Pakistan
VT022,Bộ dụng cụ phẫu thuật trĩ,Bộ,Vật tư tiêu hao,Hãng SX: Prime/Pakistan
VT0016,BỘ dụng cụ phẫu thuật trĩ,Bộ,Vật tư tiêu hao,Hãng SX: Công ty cổ phần Châu Ngọc Thạch
NT0227,Bộ giá đựng phơi lam inox. Quy cách: 3 cái/bộ (VN),Bộ,Dụng cụ y tế,Hãng SX: Việt Nam
VTTH401,Bộ huyết áp kế đồng hồ kèm tai nghe ALP K2,Bộ,Vật tư tiêu hao,Hãng SX: Nhật Bản
NT0130,Bộ nạo túi nha Kitcurette gracey aluminium handle/Pakistan,Bộ,Dụng cụ y tế,Hãng SX: Pakistan
NT220037,Bộ nong cổ tử cung,Cái,Dụng cụ y tế,Hãng SX: Prime/Pakistan
NT210052,Bộ ốc + ecu máy thái dược liệu,Bộ,Vật tư tiêu hao,Hãng SX: Việt Nam
NT210092,Bộ phân phối khí oxy di động. Model: PMG-M-O2. NXS: Cộng hòa Belarus,Bộ,Thiết bị y tế,Hãng SX: The Republican Unitary Enterprise; Medtechnocenter; Cộng hòa Belarus - Belarus
VT023,Bộ phụ kiện máy điện châm 6 kênh,Bộ,Vật tư tiêu hao,Hãng SX: Việt Nam
VT0343,Bộ phụ kiện máy điện châm hoa đà,Bộ,Vật tư tiêu hao,Hãng SX: Trung Quốc
NT0223,Bộ quần áo phòng dịch An Lành/VN,Bộ,Vật tư tiêu hao,Hãng SX: Việt Nam
NT0009,Bộ quần áo phòng dịch. Xuất xứ: Việt Nam,Bộ,Vật tư tiêu hao,Hãng SX: Việt Nam
VTTHVTTH120919152345,Bộ sát trùng Hydroxit Canxi,Tuýp,Vật tư tiêu hao,Hãng SX: Mediclus/ Hàn Quốc
NT210002,Bộ tháo thụt,Bộ,Dụng cụ y tế,Hãng SX: Steelvi/Việt Nam
VT024,Bộ tháo thụt,Bộ,Vật tư tiêu hao,Hãng SX: Trung Quốc
HCKN.19.02,Bộ thuốc nhuộm Gram,Bộ,Hóa chất,
TH0260,Bô tiểu nam,Chiếc,Vật tư tiêu hao,Hãng SX: Việt Nam
TH0261,Bô tiểu nữ,Chiếc,Vật tư tiêu hao,Hãng SX: Việt Nam
NT0270,Bộ tiểu phẫu 24 chi tiết,Bộ,Vật tư tiêu hao,Hãng SX: Pakistan
VT025,Bộ tiểu phẫu 24 chi tiết,Bộ,Vật tư tiêu hao,Hãng SX: Prime/Pakistan
NT0059,Bộ trang phục chống dịch,Bộ,Vật tư tiêu hao,Hãng SX: Memco/Việt Nam
NT0291,Bộ trang phục phòng chống dịch,Bộ,Vật tư tiêu hao,Hãng SX: Việt Nam
NT210108,Bộ trang phục phòng chống dịch cấp độ 2,Bộ,Vật tư tiêu hao,Hãng SX: Danameco/ Việt Nam
NT240049,Bộ xi lanh 200ml dùng cho máy bơm tiêm điện Optivantage,Bộ,Vật tư tiêu hao,"Hãng SX: Shenzhen Bộon Medical Supply Co.,Ltd"
VT260062,Bộ xi lanh optivan,Bộ,Vật tư tiêu hao,"Hãng SX: Union Medical Shenzhen Co., Ltd/ Trung Quốc | Nước SX: Trung Quốc"
NT0103,Bộ xi lanh OPTIVANTAGE 200ml,Bộ,Vật tư tiêu hao,Hãng SX: Mỹ
VT250030,Bộ xilanh 200ml dùng cho máy bơm cản quang hai nòng,Bộ,Vật tư tiêu hao,"Hãng SX: Shenzhen Antmed Co.,Ltd | Nước SX: Trung Quốc"
VT026,Bôi trơn ống tủy Glyde,Tuýp,Vật tư tiêu hao,Hãng SX: Well-prep/Hàn Quốc
NT230001,Bơm 1 insulin,Cái,Vật tư tiêu hao,"Hãng SX: Promisemed Hangzhou Meditech Co.,Ltd"
VT0002,Bơm 1 insulin,Cái,Vật tư tiêu hao,"Hãng SX: Promisemed Hangzhou Meditech Co., Ltd"
VT0006,Bơm 5ml lấy máu,Cái,Vật tư tiêu hao,Hãng SX: Tanaphar
NT230112,Bơm 5ml lấy máu,Cái,Vật tư tiêu hao,Hãng SX: Tanaphar/Việt Nam
VT0010,Bơm 5ml lấy máu 23G,Cái,Vật tư tiêu hao,Hãng SX: Tanaphar
NT230133,Bơm 5ml lấy máu 23G,Cái,Vật tư tiêu hao,Hãng SX: Tanaphar/Việt Nam
TH0043,Bơm cho ăn,Cái,Vật tư tiêu hao,Hãng SX: MPV/Việt Nam
VT210150,Bơm cho ăn 50ml,Cái,Vật tư tiêu hao,Hãng SX: MPV/Việt Nam
NT240029,Bơm cho ăn MPV 50ml,Cái,Vật tư tiêu hao,Hãng SX: MPV/Việt Nam
VT0060,Bơm cho ăn MPV 50ml,Cái,Vật tư tiêu hao,Hãng SX: MPV
VT260082,BƠM CHO ĂN MPV 50ml,Cái,Vật tư tiêu hao,Hãng SX: Công ty cổ phần Nhựa y tế Việt Nam/ Việt Nam | Nước SX: Việt Nam
VT260024,Bơm cho ăn sử dụng một lần Tanaphar,Cái,Vật tư tiêu hao,Hãng SX: Công ty CP Tanaphar | Nước SX: Việt Nam
VT210002,"Bơm cho ăn, cỡ 50ml",Cái,Vật tư tiêu hao,Hãng SX: MPV/Việt Nam
VT260026,Bơm kim tiêm Insulin,Cái,Vật tư tiêu hao,"Hãng SX: Zhejiang Kindly Medical Devices Co.,Ltd. | Nước SX: Trung Quốc"
VT027,Bơm sử dụng một lần 50ml/cc (cho ăn),Chiếc,Vật tư tiêu hao,Hãng SX: MPV/Việt Nam
NT0135,Bơm thuốc thanh quản,Cái,Dụng cụ y tế,Hãng SX: Pakistan
NT0273,"Bơm tiêm 0,5ml tự khóa",Cái,Vật tư tiêu hao,Hãng SX: Việt Nam - Việt Nam
VT028,Bơm tiêm 50ml/cc không kim (sử dụng cho máy bơm tiêm điện),Chiếc,Vật tư tiêu hao,Hãng SX: MPV/Việt Nam
DCYT001,Bơm tiêm áp lực,Chiếc,Dụng cụ y tế,Hãng SX: Pakistan
VT230092,Bơm tiêm ECO sử dụng 1 lần 1ml,Cái,Vật tư tiêu hao,Hãng SX: Công ty cổ phần nhựa y tế Việt Nam
VT0013,Bơm tiêm ECO sử dụng 1 lần 1ml,Cái,Vật tư tiêu hao,Hãng SX: Công ty cổ phần nhựa y tế Việt Nam
VT250001,Bơm tiêm ECO sử dụng một lần 10ml,Cái,Vật tư tiêu hao,Hãng SX: Công ty cổ phần nhựa y tế Việt Nam
VT0062,Bơm tiêm ECO sử dụng một lần 10ml,Cái,Vật tư tiêu hao,Hãng SX: Công ty cổ phần nhựa y tế Việt Nam
VT250012,Bơm tiêm ECO sử dụng một lần 5ml,Cái,Vật tư tiêu hao,Hãng SX: Công ty cổ phần nhựa y tế Việt Nam | Nước SX: Việt Nam
VT210003,Bơm tiêm Insulin 1ml-30G,Cái,Vật tư tiêu hao,Hãng SX: Vinahankook/Việt Nam
VT210151,Bơm tiêm Insulin 1ml-30G,Cái,Vật tư tiêu hao,Hãng SX: Vinahancook/Việt Nam
VT0012,Bơm tiêm insulin HTA sử dụng 1 lần,Cái,Vật tư tiêu hao,Hãng SX: Công ty cổ phần nhựa y tế Việt Nam
VT230014,Bơm tiêm insulin HTA sử dụng 1 lần,Cái,Vật tư tiêu hao,Hãng SX: Công ty cổ phần nhựa y tế Việt Nam
TH0018,Bơm tiêm MPV 10ml,Cái,Vật tư tiêu hao,Hãng SX: MPV/Việt Nam
NT0268,Bơm tiêm MPV 1ml,Cái,Vật tư tiêu hao,Hãng SX: MPV/Việt Nam
TH0044,Bơm tiêm MPV 1ml,Cái,Vật tư tiêu hao,Hãng SX: MPV/Việt Nam
NT0191,Bơm tiêm MPV 1ml,Chiếc,Vật tư tiêu hao,Hãng SX: Việt Nam
TH0019,Bơm tiêm MPV 20ml,Cái,Vật tư tiêu hao,Hãng SX: MPV/Việt Nam
NT0205,Bơm tiêm MPV 50ml,Cái,Vật tư tiêu hao,Hãng SX: MPV/Việt Nam
TH0022,Bơm tiêm MPV 50ml,Cái,Vật tư tiêu hao,Hãng SX: MPV/Việt Nam
NT0210,Bơm tiêm MPV 5ml,Cái,Vật tư tiêu hao,Hãng SX: MPV/Việt Nam
TH0020,Bơm tiêm MPV 5ml,Cái,Vật tư tiêu hao,Hãng SX: MPV/Việt Nam
NT260015,Bơm tiêm MPV sử dụng một lần 1ml,Chiếc,Vật tư tiêu hao,Hãng SX: MPV | Nước SX: Việt Nam
VT260083,Bơm tiêm MPV sử dụng một lần 50ml,Cái,Vật tư tiêu hao,Hãng SX: Công ty cổ phần Nhựa y tế Việt Nam/ Việt Nam | Nước SX: Việt Nam
NT250007,Bơm tiêm nhựa 5ml,Chiếc,Vật tư tiêu hao,Hãng SX: Tanaphar/Việt Nam
VT210004,Bơm tiêm nhựa dùng 1 lần 10ml,Cái,Vật tư tiêu hao,Hãng SX: MPV/Việt Nam
VT210152,Bơm tiêm nhựa dùng 1 lần 10ml,Cái,Vật tư tiêu hao,Hãng SX: MPV/Việt Nam
VT210005,Bơm tiêm nhựa dùng 1 lần 1ml,Cái,Vật tư tiêu hao,Hãng SX: MPV/Việt Nam
VT210006,Bơm tiêm nhựa dùng 1 lần 20ml,Cái,Vật tư tiêu hao,Hãng SX: MPV/Việt Nam
VT210007,"Bơm tiêm nhựa dùng 1 lần 50ml (có kim, không kim)",Cái,Vật tư tiêu hao,Hãng SX: MPV/Việt Nam
VT210154,Bơm tiêm nhựa dùng 1 lần 5ml 23G-25G,Cái,Vật tư tiêu hao,Hãng SX: MPV/Việt Nam
VT210008,Bơm tiêm nhựa dùng 1 lần 5ml 23G-25G,Cái,Vật tư tiêu hao,Hãng SX: MPV/Việt Nam
VT0009,Bơm tiêm sử dụng 1 lần 20ml,Cái,Vật tư tiêu hao,Hãng SX: Tanaphar
NT230128,Bơm tiêm sử dụng 1 lần 20ml,Cái,Vật tư tiêu hao,Hãng SX: Tanaphar/Việt Nam
NT220059,Bơm tiêm sử dụng một lần 1ml,Cái,Vật tư tiêu hao,Hãng SX: MPV/Việt Nam
VT029,Bơm tiêm sử dụng một lần 1ml/cc,Chiếc,Vật tư tiêu hao,Hãng SX: MPV/Việt Nam
VT004,Bơm tiêm sử dụng một lần 20 ml/cc,Chiếc,Vật tư tiêu hao,Hãng SX: Vinahancook
VT030,Bơm tiêm sử dụng một lần 20ml/cc,Chiếc,Vật tư tiêu hao,Hãng SX: MPV/Việt Nam
VT031,Bơm tiêm sử dụng một lần 3ml/cc,Chiếc,Vật tư tiêu hao,Hãng SX: MPV/Việt Nam
VT005,Bơm tiêm sử dụng một lần 50 ml/cc,Chiếc,Vật tư tiêu hao,Hãng SX: Vinahancook
VT032,Bơm tiêm sử dụng một lần 50ml/cc,Chiếc,Vật tư tiêu hao,Hãng SX: MPV/Việt Nam
VT250010,Bơm tiêm sử dụng một lần 5ml,Cái,Vật tư tiêu hao,Hãng SX: Công ty cổ phần nhựa y tế Việt Nam | Nước SX: Việt Nam
VT033,Bơm tiêm sử dụng một lần 5ml/cc,Chiếc,Vật tư tiêu hao,Hãng SX: MPV/Việt Nam
VT0047,Bơm tiêm sử dụng một lần Banapha (20ml),Cái,Vật tư tiêu hao,"Hãng SX: Changzhou Jiafeng Medical Equipment Co.,Ltd"
VT230087,Bơm tiêm sử dụng một lần Banapha (20ml),Cái,Vật tư tiêu hao,"Hãng SX: Changzhou Jiafeng Medical Equipment Co.,Ltd"
VT230088,Bơm tiêm sử dụng một lần Banapha (50ml),Cái,Vật tư tiêu hao,"Hãng SX: Changzhou Jiafeng Medical Equipment Co.,Ltd"
VT0048,Bơm tiêm sử dụng một lần Banapha (50ml),Cái,Vật tư tiêu hao,"Hãng SX: Changzhou Jiafeng Medical Equipment Co.,Ltd"
VT0049,Bơm tiêm sử dụng một lần Banapha (5ml),Cái,Vật tư tiêu hao,"Hãng SX: Changzhou Jiafeng Medical Equipment Co.,Ltd"
VT230090,Bơm tiêm sử dụng một lần Banapha (5ml),Cái,Vật tư tiêu hao,"Hãng SX: Changzhou Jiafeng Medical Equipment Co.,Ltd"
VT230089,Bơm tiêm sử dụng một lần Banapha (5ml),Cái,Vật tư tiêu hao,"Hãng SX: Changzhou Jiafeng Medical Equipment Co.,Ltd"
VT260052,Bơm tiêm sử dụng một lần Vihankok (20ml),Chiếc,Vật tư tiêu hao,"Hãng SX: Tanaphar, Việt Nam | Nước SX: Việt Nam"
VT260025,Bơm tiêm sử dụng một lần Vihankok (20ml),Cái,Vật tư tiêu hao,Hãng SX: Công ty CP tanaphar | Nước SX: Việt Nam
VT260053,Bơm tiêm sử dụng một lần Vihankok (5ml),Chiếc,Vật tư tiêu hao,"Hãng SX: Tanaphar, Việt Nam | Nước SX: Việt Nam"
VT260054,Bơm tiêm sử dụng một lần Vihankok (5ml),Chiếc,Vật tư tiêu hao,"Hãng SX: Tanaphar, Việt Nam | Nước SX: Việt Nam"
VT0039,Bơm tiêm sử dụng một lần Vihankok(10ml),Cái,Vật tư tiêu hao,Hãng SX: Tanaphar
NT230158,Bơm tiêm sử dụng một lần Vihankok(10ml),Cái,Vật tư tiêu hao,Hãng SX: Tanaphar/Việt Nam
NT230156,Bơm tiêm sử dụng một lần Vihankok(5ml)-G23,Cái,Vật tư tiêu hao,Hãng SX: Tanaphar/Việt Nam
VT0037,Bơm tiêm sử dụng một lần Vihankok(5ml)-G23,Cái,Vật tư tiêu hao,Hãng SX: Tanaphar
NT230157,Bơm tiêm sử dụng một lần Vihankok(5ml)-G25,Cái,Vật tư tiêu hao,Hãng SX: Tanaphar/Việt Nam
VT0038,Bơm tiêm sử dụng một lần Vihankok(5ml)-G25,Cái,Vật tư tiêu hao,Hãng SX: Tanaphar
VT034,Bơm tiêm sử dụng một lần10ml/cc,Chiếc,Vật tư tiêu hao,Hãng SX: MPV/Việt Nam
NT0282,"Bơm tiêm tự khóa 0,5ml kim 2525 (100 cái /1 hộp)",Chiếc,Vật tư tiêu hao,Hãng SX: Việt Nam
NT0160,Bồn massage chân FC-885 Xuất xứ: Medisana/Đức,Cái,Thiết bị y tế,Hãng SX: Đức
VT368,Bồn Massage chân FS885,Chiếc,Thiết bị y tế,Hãng SX: Medisana/Đức
NT220010,Bồn ngâm chân trị liệu Beurer. Model: FB50- Trung Quốc,Chiếc,Thiết bị y tế,Hãng SX: Beurer-Trung Quốc
NT210063,Bồn ngâm chân trị liệu. HSX: Beurer/TQ. Model: FB50,Cái,Thiết bị y tế,Hãng SX: Trung Quốc
NT220060,bóng bóp ampu người lớn - Trung Quốc,Cái,Vật tư tiêu hao,Hãng SX: Greetmed/Trung Quốc
VT035,Bóng bóp giúp thở (bóng bóp ambu),Chiếc,Vật tư tiêu hao,Hãng SX: Besmed/Đài Lọan
NT0002,Bông cầm máu,Hộp,Vật tư tiêu hao,Hãng SX: Trung Quốc
NT0068,Bóng cao su dùng cho máy tán sỏi ngoài cơ thể SDS5000,Chiếc,Vật tư tiêu hao,Hãng SX: Hàn Quốc
VT210001,Bông cuộn y tế 10cm x 3m,Cuộn,Vật tư tiêu hao,Hãng SX: Việt Nam
NT240034,Bóng đèn hồng ngoại,Chiếc,Vật tư tiêu hao,Hãng SX: Greetmed/Trung Quốc - Trung Quốc
VT036,Bóng đèn hồng ngoại 150W,Chiếc,Vật tư tiêu hao,Hãng SX: Philips/Phần Lan
VT210123,Bóng đèn hồng ngoại y tế,Chiếc,Vật tư tiêu hao,Hãng SX: Greetmed/Trung Quốc
TH0225,Bóng đèn hồng ngoại y tế Philips,Chiếc,Vật tư tiêu hao,Hãng SX: Philips/Phần Lan
VT037,Bóng đèn mổ 24V-25W,Chiếc,Vật tư tiêu hao,Hãng SX: Việt Nam
VT0323,Bóng đèn Photometer Lamp,Chiếc,Vật tư tiêu hao,Hãng SX: Beckman Couter/Nhật
VT012,Bông gạc đắp vết thương cỡ 5cm x 7cm,Miếng,Vật tư tiêu hao,Hãng SX: Bảo Thạch/Việt Nam
VT038,Bóng haLọgen lamp,Chiếc,Vật tư tiêu hao,Hãng SX: Philips/Phần Lan
TH0256,Bông lót bó bột (10cmx2.7m) ORBE,Cuộn,Vật tư tiêu hao,Hãng SX: Orbe/Việt Nam
TH0257,Bông lót bó bột (15cm x 2.7m) ORBE,Cuộn,Vật tư tiêu hao,Hãng SX: Orbe/Việt Nam
VT260050,"Bông lót bột 10 cm x2,7 m",Cuộn,Vật tư tiêu hao,"Hãng SX: An Lành, Việt Nam | Nước SX: Việt Nam"
VT250019,"Bông lót bột 10cm x 2,7m",Cuộn,Vật tư tiêu hao,Hãng SX: Công ty TNHH Đầu tư và Thương mại An Lành | Nước SX: Việt Nam
NT220030,"Bông lót bột 10cmx2,7m",Cuộn,Vật tư tiêu hao,Hãng SX: Công ty TNHH Hameco Hưng Yên
VT039,"Bông mỡ cuộn cỡ 10cm x 3,65m",Cuộn,Vật tư tiêu hao,Hãng SX: Bảo Thạch/Việt Nam
VT040,"Bông mỡ cuộn cỡ 15cm x 3,65m",Cuộn,Vật tư tiêu hao,Hãng SX: Bảo Thạch/Việt Nam
VT210011,Bông mỡ y tế Bảo Thạch 1KG,Gam,Vật tư tiêu hao,Hãng SX: Việt Nam
VT260001,Bóng PAR38E IR Red 150W,Cái,Vật tư tiêu hao,Hãng SX: Phillip | Nước SX: Ba Lan
VT250011,Bông tẩm cồn,Miếng,Vật tư tiêu hao,Hãng SX: Công ty TNHH Đầu tư và Thương mại An Lành | Nước SX: Việt Nam
NT0305,Bông tẩm cồn TANAPHAR,Miếng,Vật tư tiêu hao,Hãng SX: Tanaphar/Việt Nam
VT210009,Bông tẩm cồn tiệt trùng,Miếng,Vật tư tiêu hao,Hãng SX: Tanaphar/Việt Nam
VT0307,Bông tẩm cồn tiệt trùng (alcohol pads),Miếng,Vật tư tiêu hao,Hãng SX: Khac
VT041,Bông tẩm cồn tiệt trùng (alcohol pads),Hộp,Vật tư tiêu hao,Hãng SX: Tanaphar/Việt Nam
VT042,Bông viên tiệt trùng,Gói,Vật tư tiêu hao,Hãng SX: Bảo Thạch/Việt Nam
VT043,Bông y tế,Kg,Vật tư tiêu hao,Hãng SX: Bảo Thạch/Việt Nam
VT0300,Bông y tế,Gam,Vật tư tiêu hao,Hãng SX: Bảo Thạch/Việt Nam
VT0308,Bông y tế,Gam,Vật tư tiêu hao,Hãng SX: Khac
VT306,Bông y tế (Gam),Gam,Vật tư tiêu hao,Hãng SX: Bảo Thạch/Việt Nam
NT230093,Bông y tế 1kg,Gam,Vật tư tiêu hao,Hãng SX: Memco/Việt Nam
TH0021,Bông y tế Bảo Thạch 1kg,Gam,Vật tư tiêu hao,Hãng SX: Bảo Thạch/Việt Nam
NT0264,Bông y tế Bảo Thạch 1kg,Gam,Vật tư tiêu hao,Hãng SX: Việt Nam
VT210010,Bông y tế Bảo Thạch 1kg,Gam,Vật tư tiêu hao,Hãng SX: Việt Nam
VT044,Bông y tế không thấm nước,Kg,Vật tư tiêu hao,Hãng SX: Bảo Thạch/Việt Nam
VT0301,Bông y tế không thấm nước,Gam,Vật tư tiêu hao,Hãng SX: Bảo Thạch/Việt Nam
NT230092,Bông y tế không thấm nước 1 kg,Gam,Vật tư tiêu hao,Hãng SX: Memco/Việt Nam
VT230093,Bông y tế không thấm nước Hiệp Hưng,Gam,Vật tư tiêu hao,Hãng SX: Công ty TNHH sản xuất và thương mại Hiệp Hưng - Việt Nam
VT260084,Bông y tế thấm nước,Gam,Vật tư tiêu hao,Hãng SX: Công ty cổ phần Châu Ngọc Thạch-Việt Nam | Nước SX: Việt Nam
VT230010,Bông y tế thấm nước Hiệp Hưng,Gam,Vật tư tiêu hao,Hãng SX: Công ty TNHH sản xuất và thương mại Hiệp Hưng - Việt Nam
NT220061,Bóp bóng ampu người lớn - Trung Quốc,Cái,Vật tư tiêu hao,Hãng SX: Greetmed/Trung Quốc
NT230138,Bột bó 10 x 4.6m,Cuộn,Vật tư tiêu hao,"Hãng SX: Yiwu Jiekang Medical Articles Co.,Ltd/TQ"
VT210078,"Bột bó 10cm x 4,6m",Cuộn,Vật tư tiêu hao,Hãng SX: ORBE/Việt Nam
VT210079,"Bột bó 15cm x 4,6m",Cuộn,Vật tư tiêu hao,Hãng SX: ORBE/Việt Nam
VT230134,"Bột bó 15cm x 4,6m",Cuộn,Vật tư tiêu hao,"Hãng SX: Yiwu Jiekang Medical Articles Co.,Ltd/TQ"
VT210080,"Bột bó 20cm x 4,6m",Cuộn,Vật tư tiêu hao,Hãng SX: ORBE/Việt Nam
VT230108,"Bột bó băng xương gãy cỡ 10cm x 4,6m",Cuộn,Vật tư tiêu hao,"Hãng SX: Yiwu Jiekang Medical Articles Co.,Ltd/TQ"
VT045,"Bột bó cỡ 10cm x 4,6m",Cuộn,Vật tư tiêu hao,Hãng SX: Star/trung quốc
VT046,"Bột bó cỡ 15cm x 4,6m",Cuộn,Vật tư tiêu hao,Hãng SX: Star/trung quốc
VT047,"Bột bó cỡ 20cm x 4,6m",Cuộn,Vật tư tiêu hao,Hãng SX: Star/trung quốc
VTTH371,"Bột bó Obanda 10cm x 4,6m",Cuộn,Vật tư tiêu hao,Hãng SX: OBBE/Việt Nam
TH0003,"Bột bó OBANDA 10cmx4,6m",Cuộn,Vật tư tiêu hao,Hãng SX: Orbe/Việt Nam
VTTH369,"Bột bó OBanda 15cm x 4,6m",Cuộn,Vật tư tiêu hao,Hãng SX: OBBE/Việt Nam
TH0004,"Bột bó OBANDA 15cm x 4,6m",Cuộn,Vật tư tiêu hao,Hãng SX: Orbe/Việt Nam
VTTH370,"Bột bó OBanda 20cm x 4,6m",Cuộn,Vật tư tiêu hao,Hãng SX: Omiga/Việt Nam
VT048,Bột oxít kẽm,Hộp,Vật tư tiêu hao,Hãng SX: Malaysia
TH0267,Bột sát trung CALCIUM HYDROXIDE,Lọ,Vật tư tiêu hao,Hãng SX: Ấn độ
VT049,Bột sát trùng hydroxit canxi,Tuýp,Vật tư tiêu hao,Hãng SX: Prevest DenPro/Ấn Độ
VT050,Bột tal y tế,Kg,Vật tư tiêu hao,Hãng SX: Tuấn Minh/Việt Nam
DCYT036,Búa phản xạ,Chiếc,Dụng cụ y tế,Hãng SX: India
NT230191,Bút đo độ dẫn điện trong nước HI98309-Hanna,Cái,Vật tư tiêu hao,Hãng SX: Hanna/Romania
HC0166,"C-pack CA G2, 300 test",test,Hóa chất,
HC18111,"C-pack CA G2, 300 test",test,Hóa chất,
HC18085,"C-pack CRE Plus G2, 250 Tests",test,Hóa chất,
HC0139,"C-pack CRE Plus G2, 250Tests",test,Hóa chất,
HC0076,CA 125 G2 CS G2 Elecsys,Hộp,Hóa chất,
HC18023,CA 125 G2 CS G2 Elecsys,Hộp,Hóa chất,
HC0075,CA 125 G2 Elecsys cobas e100,test,Hóa chất,
HC18022,CA 125 G2 Elecsys cobas e100,test,Hóa chất,
HC0072,CA 15-3 II CS ELEC,Hộp,Hóa chất,
HC18019,CA 15-3 II CS ELEC,Hộp,Hóa chất,
HC0071,CA 15-3 II RP ELEC,test,Hóa chất,
HC18018,CA 15-3 II RP ELEC,test,Hóa chất,
HC18021,CA 19-9 CALSET,Hộp,Hóa chất,
HC0074,CA 19-9 CALSET,Hộp,Hóa chất,
HC18020,CA 19-9 RP ELEC,test,Hóa chất,
HC0073,CA 19-9 RP ELEC,test,Hóa chất,
HC18025,CA 72-4 CASET ELEC,Hộp,Hóa chất,
HC0078,CA 72-4 CASET ELEC,Hộp,Hóa chất,
HC18024,CA 72-4 RP ELEC,test,Hóa chất,
HC0077,CA 72-4 RP ELEC,test,Hóa chất,
VTTH402,Ca Electrode Filling Solution (1x30ml),Lọ,Vật tư tiêu hao,Hãng SX: SFRI/Pháp
2021HC60,Ca Electrode Filling Solution,Lọ,Hóa chất,
NT0111,Cable kẹp tấm điện cực trung tính dùng cho dao mổ điện HSX: COVIDIEN/USA,Chiếc,Dụng cụ y tế,Hãng SX: Mỹ
VT051,Cán dao mổ cỡ số 3,Chiếc,Vật tư tiêu hao,Hãng SX: Prime/Pakistan
VT0045,Cán dao mổ cỡ số 3,Cái,Vật tư tiêu hao,Hãng SX: Zhangjiang Star
VT052,Cán dao mổ cỡ số 4,Chiếc,Vật tư tiêu hao,Hãng SX: Prime/Pakistan
NT0106,Cân điện tử FEH 500,Chiếc,Thiết bị y tế,Hãng SX: Trung Quốc
NT220119,Cân đo y tế có thước đo TZ-120-Trung Quốc,Chiếc,Dụng cụ y tế,Hãng SX: Trung Quốc
NT230045,Cán gương Prime,Cái,Dụng cụ y tế,Hãng SX: Pakistan
TBYT004,Cân nhơn hòa 100kg,Cái,Thiết bị y tế,Hãng SX: Việt Nam
NT0126,Cân Nhơn Hòa 100kg,Chiếc,Thiết bị y tế,Hãng SX: Việt Nam
NT220075,Cân Nhơn Hòa 1kg,Chiếc,Vật tư tiêu hao,Hãng SX: Nhơn Hòa - Việt Nam
NT0149,Cân Nhơn Hòa 1kg,Chiếc,Thiết bị y tế,Hãng SX: Việt Nam
VT0274,Cản quang Xenatic 350mg/ml,Lọ,Vật tư tiêu hao,Hãng SX: Xenatic/Pháp
Nt220121,Cân sức khỏe có thước đo chiều cao,Cái,Thiết bị y tế,Hãng SX: Akiko-Trung Quốc
NT220123,Cân sức khỏe có thước đo chiều cao TZ120-Akico-Trung Quốc,Cái,Thiết bị y tế,Hãng SX: Akiko-Trung Quốc
TBYT020,Cân sức khỏe TZ 120,Chiếc,Thiết bị y tế,Hãng SX: Trung Quốc
NT220058,Cân sức khỏe và phân tích cơ thể TANITA BC-402,Chiếc,Dụng cụ y tế,Hãng SX: Tanita / Trung Quốc
NT0107,Cân thước đo TZ 120TQ có thước đo chiều cao,Chiếc,Thiết bị y tế,Hãng SX: Trung Quốc
VT250031,Canuym mayo số 3,Cái,Vật tư tiêu hao,"Hãng SX: HitecMedical Co.,Ltd | Nước SX: Trung Quốc"
VT053,Canuyn đặt nội khí quản (canuyn mayo),Chiếc,Vật tư tiêu hao,Hãng SX: Bicakcilar/Thổ nhĩ kỳ
TH0092,Canuyn đặt nội khí quản (canuyn mayo) số 3,Chiếc,Vật tư tiêu hao,Hãng SX: Trung Quốc
NT230033,Canuyn Mayo,Cái,Vật tư tiêu hao,"Hãng SX: Hangzhou Rollmed Co.,Ltd Trung Quốc"
VT210102,Canuyn mayo các số,Chiếc,Vật tư tiêu hao,Hãng SX: Hangzhou Rollmed/Trung Quốc
VT230081,Canuyn mayo số 3,Chiếc,Vật tư tiêu hao,Hãng SX: Hitec/Trung Quốc
VT230082,Canuyn mayo số 4,Chiếc,Vật tư tiêu hao,Hãng SX: Hitec/Trung Quốc
NT220066,Cáp điện tim BJ-901D của máy điện tim,Cái,Vật tư tiêu hao,Hãng SX: Nihonkoden/Nhật
NT260008,Cather tĩnh mạch trung tâm 3 nòng,Bộ,Vật tư tiêu hao,"Hãng SX: Guangdong Baihe Medical Technology Co., Ltd. | Nước SX: Trung Quốc"
VT054,CaThẻter tĩnh mạch dưới đòn,Chiếc,Vật tư tiêu hao,Hãng SX: Thổ Nhĩ Kỳ
VT055,CaThẻter tĩnh mạch dưới đòn Lọại 2 nòng,Chiếc,Vật tư tiêu hao,Hãng SX: Biometrix/Hà Lan
VT260070,Catheter tĩnh mạch trung tâm,bộ,Vật tư tiêu hao,"Hãng SX: GUANGDONG BAIHE MEDICAL TECHNOLOGY CO., LTD / TRUNG QUỐC | Nước SX: Trung Quốc"
VT210012,CaThẻter tĩnh mạch trung tâm 2 nòng,Chiếc,Vật tư tiêu hao,Hãng SX: Pháp
VT0046,Catheter tĩnh mạch trung tâm 3 nòng,Bộ,Vật tư tiêu hao,Hãng SX: Guangdong Baihe
NT230170,CaThẻter tĩnh mạch trung tâm 3 nòng,Bộ,Vật tư tiêu hao,Hãng SX: Guangdong Baihe/Trung Quốc
HC0080,CEA CALSET GEN.2,Hộp,Hóa chất,
HC18027,CEA CALSET GEN.2,Hộp,Hóa chất,
HC0079,CEA RP ELECSYS KIT,test,Hóa chất,
HC18026,CEA RP ELECSYS KIT,test,Hóa chất,
VTTH368,Cement GC Nhật Fuj 2 - 10g,Hộp,Vật tư tiêu hao,Hãng SX: Label/Nhật Bản
VTTH367,Cement GC Nhật Fuj 9- 15g,Hộp,Vật tư tiêu hao,Hãng SX: Label/Nhật Bản
KN2020HC05,Cetrimide Agar Base,Chai,Hóa chất,
HC18127,CFAS 12X3ML,Hộp,Hóa chất,
HC0184,CFAS 12X3ML,Hộp,Hóa chất,
HC0189,CFAS CK.MB 3X1ML,Hộp,Hóa chất,
HC18132,CFAS CK.MB 3X1ML,Hộp,Hóa chất,
HC18126,"CFAS HBA1C, 3X2ML",Hộp,Hóa chất,
HC0183,"CFAS HBA1C, 3X2ML",Hộp,Hóa chất,
HC18130,CFAS LIPIDS 3X1ML,Hộp,Hóa chất,
HC0187,CFAS LIPIDS 3X1ML,Hộp,Hóa chất,
HC18129,CFAS PAC F 3X1ML,Hộp,Hóa chất,
HC0186,CFAS PAC F 3X1ML,Hộp,Hóa chất,
HC18131,CFAS PROTEINS,Hộp,Hóa chất,
HC0188,CFAS PROTEINS,Hộp,Hóa chất,
HC0185,CFAS PROTEINS U,Hộp,Hóa chất,
HC18128,CFAS PROTEINS U,Hộp,Hóa chất,
NT0029,Chai trung tính Duran G/45 - 1000ml,Chai,Dụng cụ y tế,Hãng SX: Đức
NT0031,Chai trung tính Duran G/45 - 500ml,Chai,Dụng cụ y tế,Hãng SX: Đức
VT056,Chất hàn composite đặc,Tuýp,Vật tư tiêu hao,Hãng SX: FGM/Brasil
VTTHVTTH120919154016,Chất hàn Composite lỏng,Tuýp,Vật tư tiêu hao,Hãng SX: Meta Biomed/Hàn Quốc
VT057,Chất hàn composite Lọ̉ng,Tuýp,Vật tư tiêu hao,Hãng SX: Meta Biomed/Hàn Quốc
TH0268,Chất hàn composite lỏng NEXCOM FLọW (A3),Tuýp,Vật tư tiêu hao,Hãng SX: Hàn Quốc
VT058,Chất hàn ống tủy cortisomol,Lọ,Vật tư tiêu hao,Hãng SX: Pierre Rolland /Pháp
VT210111,Chất hàn ống tủy cortisomol,Hộp,Vật tư tiêu hao,Hãng SX: Pierre Rolland /Pháp
TH0235,Chất hàn ống tủy CORTISOMOL,Hộp,Vật tư tiêu hao,Hãng SX: Pháp
VT059,Chất hàn tạm cavinton,Lọ,Vật tư tiêu hao,Hãng SX: Reco Dent/Đài Lọan
VT210112,Chất hàn tạm cavinton,Lọ,Vật tư tiêu hao,Hãng SX: GC/Nhật Bản
TH0203,Chất hàn tạm CAVITON GC,Lọ,Vật tư tiêu hao,Hãng SX: Nhật Bản
NT220011,Chậu gỗ ngâm chân,Chiếc,Dụng cụ y tế,Hãng SX: Việt Nam
VT230094,Chế phẩm diệt khuẩn dùng trong gia dụng và y tế Asi-surface,Chai,Vật tư tiêu hao,Hãng SX: Minh hung Pharma - Việt Nam
VT230142,Chế phẩm sát khuẩn tay nhanh dùng trong gia dụng và y tế Asirub,Chai,Vật tư tiêu hao,Hãng SX: Minh hung Pharma - Việt Nam
VT250038,Chỉ Carelon số 2/0,Sợi,Vật tư tiêu hao,Hãng SX: Công ty TNHH Chỉ phẫu thuật CPT | Nước SX: Việt Nam
VT250039,Chỉ Carelon số 3/0,Sợi,Vật tư tiêu hao,Hãng SX: Công ty TNHH Chỉ phẫu thuật CPT | Nước SX: Việt Nam
VT250040,Chỉ Carelon số 4/0,Sợi,Vật tư tiêu hao,Hãng SX: Công ty TNHH Chỉ phẫu thuật CPT | Nước SX: Việt Nam
VT250041,Chỉ Carelon số 5/0,Sợi,Vật tư tiêu hao,Hãng SX: Công ty TNHH Chỉ phẫu thuật CPT | Nước SX: Việt Nam
VT250043,Chỉ Caresorb số 3/0,Sợi,Vật tư tiêu hao,Hãng SX: Công ty TNHH Chỉ phẫu thuật CPT | Nước SX: Việt Nam
VT250044,Chỉ Caresyn số 2/0,Sợi,Vật tư tiêu hao,Hãng SX: Công ty TNHH Chỉ phẫu thuật CPT | Nước SX: Việt Nam
VT250045,Chỉ Caresyn số 3/0,Sợi,Vật tư tiêu hao,Hãng SX: Công ty TNHH Chỉ phẫu thuật CPT | Nước SX: Việt Nam
VT250046,Chỉ Caresyn số 4/0,Sợi,Vật tư tiêu hao,Hãng SX: Công ty TNHH Chỉ phẫu thuật CPT | Nước SX: Việt Nam
VT250047,Chỉ Caresyn số 5/0,Sợi,Vật tư tiêu hao,Hãng SX: Công ty TNHH Chỉ phẫu thuật CPT | Nước SX: Việt Nam
NT210006,Chỉ catgut 4.0,Sợi,Vật tư tiêu hao,Hãng SX: Futura Surgicare/Ấn Độ
NT230144,Chỉ Catgut 4/0,Sợi,Vật tư tiêu hao,Hãng SX: SMI AG/Bỉ
NT240023,Chỉ Catgut chrom số 4/0,Sợi,Vật tư tiêu hao,Hãng SX: SMI AG/Bỉ
VT230099,Chỉ Catgut chrom số 4/0,Sợi,Vật tư tiêu hao,Hãng SX: SMI AG/Bỉ
VT060,Chỉ catgut plain Lọại không kim cỡ số 2.0,Sợi,Vật tư tiêu hao,Hãng SX: FuturaSurgicare/Ấn Độ
VT061,Chỉ catgut plain Lọại không kim cỡ số 3.0,Sợi,Vật tư tiêu hao,Hãng SX: FuturaSurgicare/Ấn Độ
VT210085,Chỉ Chromic cat gut 4/0,Sợi,Vật tư tiêu hao,Hãng SX: Huaiyin/Trung Quốc
NT230078,Chỉ Chromic catgut 4/0,Sợi,Vật tư tiêu hao,Hãng SX: Huaian-Trung Quốc
VT062,Chỉ chromic catgut cỡ số 4.0,Sợi,Vật tư tiêu hao,Hãng SX: FuturaSurgicare/Ấn Độ
VT230124,Chỉ DacLọn NyLọn số 4/0,Sợi,Vật tư tiêu hao,Hãng SX: SMI AG/Bỉ
VT230125,Chỉ DacLọn NyLọn số 5/0,Sợi,Vật tư tiêu hao,Hãng SX: SMI AG/Bỉ
VT063,Chỉ dafiLọn 3.0,Sợi,Vật tư tiêu hao,Hãng SX: FuturaSurgicare/Ấn Độ
NT0198,Chỉ EthiLọn 3.0,Sợi,Vật tư tiêu hao,Hãng SX: Mỹ
NT0199,Chỉ EthiLọn 4.0,Sợi,Vật tư tiêu hao,Hãng SX: Mỹ
VT156,Chỉ không tiêu đơn sợi Filamide số 1-0,Sợi,Vật tư tiêu hao,Hãng SX: Meril/Ấn Độ
VT0150,Chỉ không tiêu đơn sợi Filamide số 1-0,Sợi,Vật tư tiêu hao,Hãng SX: Meril/Ấn Độ
VT157,Chỉ không tiêu đơn sợi Filamide số 2-0,Sợi,Vật tư tiêu hao,Hãng SX: Meril/Ấn Độ
VT0151,Chỉ không tiêu đơn sợi Filamide số 2-0,Sợi,Vật tư tiêu hao,Hãng SX: Meril/Ấn Độ
VT0152,Chỉ không tiêu đơn sợi Filamide số 3-0,Sợi,Vật tư tiêu hao,Hãng SX: Meril/Ấn Độ
VT158,Chỉ không tiêu đơn sợi Filamide số 3-0,Sợi,Vật tư tiêu hao,Hãng SX: Meril/Ấn Độ
VT0153,Chỉ không tiêu đơn sợi Filamide số 4-0,Sợi,Vật tư tiêu hao,Hãng SX: Meril/Ấn Độ
VT159,Chỉ không tiêu đơn sợi Filamide số 4-0,Sợi,Vật tư tiêu hao,Hãng SX: Meril/Ấn Độ
VT0154,Chỉ không tiêu dơn sợi Filamide số 5-0,Sợi,Vật tư tiêu hao,Hãng SX: Meril/Ấn Độ
VT160,Chỉ không tiêu đơn sợi Filamide số 5-0,Sợi,Vật tư tiêu hao,Hãng SX: Meril/Ấn Độ
VT161,Chỉ không tiêu Filaprop số 2-0,Sợi,Vật tư tiêu hao,Hãng SX: Meril/Ấn Độ
VT0155,Chỉ không tiêu Filaprop số 2-0,Sợi,Vật tư tiêu hao,Hãng SX: Meril/Ấn Độ
VT162,Chỉ không tiêu Filaprop số 3-0,Sợi,Vật tư tiêu hao,Hãng SX: Meril/Ấn Độ
VT0156,Chỉ không tiêu Filaprop số 3-0,Sợi,Vật tư tiêu hao,Hãng SX: Meril/Ấn Độ
VT163,Chỉ không tiêu Filaprop số 4-0,Sợi,Vật tư tiêu hao,Hãng SX: Meril/Ấn Độ
VT0157,Chỉ không tiêu Filaprop số 4-0,Sợi,Vật tư tiêu hao,Hãng SX: Meril/Ấn Độ
VT0158,Chỉ không tiêu Filaprop số 5-0,Sợi,Vật tư tiêu hao,Hãng SX: Meril/Ấn Độ
VT164,Chỉ không tiêu Filaprop số 5-0,Sợi,Vật tư tiêu hao,Hãng SX: Meril/Ấn Độ
NT0197,Chỉ không tiêu Safil 2/0,Sợi,Vật tư tiêu hao,Hãng SX: Tây Ban Nha
VT210086,"Chỉ không tiêu tổng hợp, đơn sợi polypropylene các số- DACLọN NYLọN",Sợi,Vật tư tiêu hao,Hãng SX: SMI AG/Bỉ
VT210087,"Chỉ không tiêu tổng hợp, đơn sợi polypropylene các số- POLYPROPYLENE",Sợi,Vật tư tiêu hao,Hãng SX: SMI AG/Bỉ
NT230141,"Chỉ không tiêu tổng hợp,đơn sợi polypropylene 2.0",Sợi,Vật tư tiêu hao,Hãng SX: TH KAZANTZIDIS S.A.-MEDIPAC/Hy Lạp
NT230142,"Chỉ không tiêu tổng hợp,đơn sợi polypropylene 4.0",Sợi,Vật tư tiêu hao,Hãng SX: TH KAZANTZIDIS S.A.-MEDIPAC/Hy Lạp
NT230143,"Chỉ không tiêu tổng hợp,đơn sợi polypropylene 5.0",Sợi,Vật tư tiêu hao,Hãng SX: Linxobere Medizintechnik GmbH/Đức
VT064,Chỉ lanh,Cuộn,Vật tư tiêu hao,Hãng SX: Việt Nam
VT230121,"Chỉ liền kim đơn sợi Monofilament NyLọn, kim 1/2 số 2.0",Sợi,Vật tư tiêu hao,Hãng SX: Unilene S.A.C/Peru MONOFILAMENT NYLọN
VT230122,"Chỉ liền kim đơn sợi Monofilament NyLọn, kim 1/2 số 3.0",Sợi,Vật tư tiêu hao,Hãng SX: Unilene S.A.C/Peru MONOFILAMENT NYLọN
VT230123,"Chỉ liền kim đơn sợi Monofilament NyLọn, kim 1/2 số 4.0",Sợi,Vật tư tiêu hao,Hãng SX: Unilene S.A.C/Peru MONOFILAMENT NYLọN
TH0093,Chỉ phẫu thuật chromic catgut 4/0,Tép,Vật tư tiêu hao,Hãng SX: Futura Surgicare/Ấn Độ
VT230111,Chỉ phẫu thuật không tiêu Propylen số 3/0,Sợi,Vật tư tiêu hao,Hãng SX: TH KAZANTZIDIS S.A.-MEDIPAC/Hy Lạp
VT230129,Chỉ phẫu thuật tự tiêu tổng hợp VIPRONE 910 số 4-0,Sợi,Vật tư tiêu hao,Hãng SX: Linxobere Medizintechnik GmbH/Đức - Đức
VT230120,Chỉ polyester số 2/0,Sợi,Vật tư tiêu hao,Hãng SX: SMI AG/Bỉ
NT240025,Chỉ Polypropylen số 3/0,Sợi,Vật tư tiêu hao,Hãng SX: SMI AG/Bỉ
NT240024,Chỉ Polypropylene số 2/0,Sợi,Vật tư tiêu hao,Hãng SX: SMI AG/Bỉ - Bỉ
NT240026,Chỉ Polypropylene số 4/0,Sợi,Vật tư tiêu hao,Hãng SX: SMI AG/Bỉ - Bỉ
VT230114,Chỉ Polypropylene số 4/0,Sợi,Vật tư tiêu hao,Hãng SX: SMI AG/Bỉ
NT240027,Chỉ Polypropylene số 5/0,Sợi,Vật tư tiêu hao,Hãng SX: SMI AG/Bỉ - Bỉ
VT304,Chỉ Safil,Bộ,Vật tư tiêu hao,Hãng SX: Asimec/Việt Nam
VT065,Chỉ sugical chromic catgut 4.0,Sợi,Vật tư tiêu hao,Hãng SX: FuturaSurgicare/Ấn Độ
VT230126,Chỉ Surgicryl 910 số 1,Sợi,Vật tư tiêu hao,Hãng SX: SMI AG/Bỉ
VT230128,Chỉ Surgicryl 910 số 3/0,Sợi,Vật tư tiêu hao,Hãng SX: SMI AG/Bỉ
VT230109,Chỉ Surgicryl PGA số 2/0,Sợi,Vật tư tiêu hao,Hãng SX: SMI AG/Bỉ - Bỉ
VT230110,Chỉ Surgicryl PGA số 3/0,Sợi,Vật tư tiêu hao,Hãng SX: SMI AG/Bỉ
VT230113,Chỉ Surgicryl PGA số 4/0,Sợi,Vật tư tiêu hao,Hãng SX: SMI AG/Bỉ - Bỉ
VT230127,Chỉ Surgicryl số 910 số 2/0,Sợi,Vật tư tiêu hao,Hãng SX: SMI AG/Bỉ - Bỉ
DCYT03,Chỉ thép 0.3mm,Cuộn,Dụng cụ y tế,Hãng SX: Ấn độ
DCYT02,Chỉ thép 0.4mm,Cuộn,Dụng cụ y tế,Hãng SX: Trung Quốc
NT230139,"Chỉ tiêu tổng hợp ,đa sợi 2/0",Sợi,Vật tư tiêu hao,Hãng SX: Linxobere Medizintechnik GmbH/Đức
NT230149,"Chỉ tiêu tổng hợp ,đa sợi 4/0",Sợi,Vật tư tiêu hao,Hãng SX: Linxobere Medizintechnik GmbH/Đức
VT0159,Chỉ tiêu tổng hợp Megasorb số 1,Sợi,Vật tư tiêu hao,Hãng SX: Meril/Ấn Độ
VT165,Chỉ tiêu tổng hợp Megasorb số 1,Sợi,Vật tư tiêu hao,Hãng SX: Meril/Ấn Độ
VT166,Chỉ tiêu tổng hợp Megasorb số 2-0,Sợi,Vật tư tiêu hao,Hãng SX: Meril/Ấn Độ
VT0160,Chỉ tiêu tổng hợp Megasorb số 2-0,Sợi,Vật tư tiêu hao,Hãng SX: Meril/Ấn Độ
VT0161,Chỉ tiêu tổng hợp Megasorb số 3-0,Sợi,Vật tư tiêu hao,Hãng SX: Meril/Ấn Độ
VT167,Chỉ tiêu tổng hợp Megasorb số 3-0,Sợi,Vật tư tiêu hao,Hãng SX: Meril/Ấn Độ
VT168,Chỉ tiêu tổng hợp Megasorb số 4-0,Sợi,Vật tư tiêu hao,Hãng SX: Meril/Ấn Độ
VT169,Chỉ tiêu tổng hợp Megasorb số 5-0,Sợi,Vật tư tiêu hao,Hãng SX: Meril/Ấn Độ
VT170,Chỉ tiêu tổng hợp Mitsu số 1,Sợi,Vật tư tiêu hao,Hãng SX: Meril/Ấn Độ
VT0164,Chỉ tiêu tổng hợp Mitsu số 1,Sợi,Vật tư tiêu hao,Hãng SX: Meril/Ấn Độ
VT171,Chỉ tiêu tổng hợp Mitsu số 2-0,Sợi,Vật tư tiêu hao,Hãng SX: Meril/Ấn Độ
VT0165,Chỉ tiêu tổng hợp Mitsu số 2-0,Sợi,Vật tư tiêu hao,Hãng SX: Meril/Ấn Độ
VT172,Chỉ tiêu tổng hợp Mitsu số 3-0,Sợi,Vật tư tiêu hao,Hãng SX: Meril/Ấn Độ
VT0166,Chỉ tiêu tổng hợp Mitsu số 3-0,Sợi,Vật tư tiêu hao,Hãng SX: Meril/Ấn Độ
VT0167,Chỉ tiêu tổng hợp Mitsu số 4-0,Sợi,Vật tư tiêu hao,Hãng SX: Meril/Ấn Độ
VT173,Chỉ tiêu tổng hợp Mitsu số 4-0,Sợi,Vật tư tiêu hao,Hãng SX: Meril/Ấn Độ
VT174,Chỉ tiêu tổng hợp Mitsu số 5-0,Sợi,Vật tư tiêu hao,Hãng SX: Meril/Ấn Độ
VT0168,Chỉ tiêu tổng hợp Mitsu số 5-0,Sợi,Vật tư tiêu hao,Hãng SX: Meril/Ấn Độ
NT230079,Chỉ tiêu tổng hợp polyglactin số 2,Sợi,Vật tư tiêu hao,Hãng SX: SMI - Bỉ
NT230080,Chỉ tiêu tổng hợp polyglactin số 3,Sợi,Vật tư tiêu hao,Hãng SX: SMI - Bỉ
NT0121,Chỉ tiêu tổng hợp Safil 2/0,Tép,Vật tư tiêu hao,Hãng SX: Tây Ban Nha
NT0122,Chỉ tiêu tổng hợp Safil 3/0,Tép,Vật tư tiêu hao,Hãng SX: Tây Ban Nha
TH0213,"Chỉ tiêu tổng hợp, đa sợi Megasorb 3/0",Tép,Vật tư tiêu hao,Hãng SX: Meril Endo Surgeri
VT210088,"Chỉ tiêu tổng hợp, đa sợi polyglactin các số - SURGICRYL 910",Sợi,Vật tư tiêu hao,Hãng SX: SMI AG/Bỉ
VT210089,"Chỉ tiêu tổng hợp, đa sợi polyglycolic các số - SURGICRYL PGA",Sợi,Vật tư tiêu hao,Hãng SX: SMI AG/Bỉ
NT230140,"Chỉ tiêu tổng hợp,đa sợi 3/0",Sợi,Vật tư tiêu hao,Hãng SX: Linxobere Medizintechnik GmbH/Đức
VT250037,Chỉ Trustgut số 4/0,Sợi,Vật tư tiêu hao,Hãng SX: Công ty TNHH Chỉ phẫu thuật CPT | Nước SX: Việt Nam
VT250042,Chỉ Trustilene số 2/0,Sợi,Vật tư tiêu hao,Hãng SX: Công ty TNHH Chỉ phẫu thuật CPT | Nước SX: Việt Nam
NT0287,Chổi đánh bóng,Chiếc,Dụng cụ y tế,Hãng SX: Mỹ
NT220070,Chổi rửa dụng cụ dài 20-30cm,Chiếc,Vật tư tiêu hao,Hãng SX: Trung Quốc
HC0136,CHOL HICO GEN.2 400T COBAS C,test,Hóa chất,
HC18082,CHOL HICO GEN.2 400T COBAS C,test,Hóa chất,
HC0007,Cholesterol,Hộp,Hóa chất,
2021HC13,Cholesterol,Hộp,Hóa chất,
HC18146,Cholesterol,Hộp,Hóa chất,
2020HC20,Cholesterol,Hộp,Hóa chất,
2021HC51,Cias Latex PG I (S),Hộp,Hóa chất,
2021HC52,Cias Latex PG II (S),Hộp,Hóa chất,
VT0328,Cidex OPA,Lít,Vật tư tiêu hao,Hãng SX: Johnson and Johnson/ Pháp
NT240046,Cidex OPA,Ml,Vật tư tiêu hao,Hãng SX: Johnson & Johnson
VT260049,Cidezyme,Ml,Vật tư tiêu hao,Hãng SX: PurposeBuilt Brands/ Mỹ | Nước SX: Mỹ
VT0327,Cidezyme Jonhson,Lọ,Vật tư tiêu hao,Hãng SX: Johnson & Johnson/Mỹ
HC0011,CK- MB Control Serum level 2,Lọ,Hóa chất,
2021HC14,CK-MB,Hộp,Hóa chất,
HC18147,CK-MB,Hộp,Hóa chất,
2020HC21,CK-MB,Hộp,Hóa chất,
2020HC22,CK-MB Calibrator,Lít,Hóa chất,
2021HC15,CK-MB Calibrator,Lọ,Hóa chất,
HC18148,CK-MB Calibrator,Lọ,Hóa chất,
HC18149,CK-MB Control Serum level 1,Lọ,Hóa chất,
2020HC23,CK-MB Control Serum Level 1,Lít,Hóa chất,
2021HC16,CK-MB Control Serum Level 1,Lọ,Hóa chất,
HC18150,CK-MB Control Serum level 2,Lọ,Hóa chất,
2021HC17,CK-MB Control Serum Level 2,Lọ,Hóa chất,
2020HC24,CK-MB Control Serum Level 2,Lít,Hóa chất,
HC0008,CK - MB,Hộp,Hóa chất,
HC0009,CK - MB Calibrator,Lọ,Hóa chất,
HC0010,CK - MB Control Serum level 1,Lọ,Hóa chất,
HC0014,CK ( Nac),Hộp,Hóa chất,
HC18154,CK ( Nac),Hộp,Hóa chất,
2021HC20,CK (NAC),Hộp,Hóa chất,
2020HC27,CK (NAC),Hộp,Hóa chất,
HC18097,CKL 200TESTS COBAS C INTEGRA,test,Hóa chất,
HC0151,CKL 200TESTS COBAS C INTEGRA,test,Hóa chất,
HC18098,CKMBL 100TESTS COBAS INTEGRA,test,Hóa chất,
HC0152,CKMBL 100TESTS COBAS INTEGRA,test,Hóa chất,
2021HC140,Clauss Fibrinogen (Thrombin only),Hộp,Hóa chất,
HC18196,Clauss Fibrinogen (Thrombin only),Hộp,Hóa chất,
2020HC70,Clauss Fibrinogen (Thrombin only),Hộp,Hóa chất,
2021HC139,Clauss Fibrinogen 100,Hộp,Hóa chất,
2020HC69,Clauss Fibrinogen 100,Hộp,Hóa chất,
HC18195,Clauss Fibrinogen 100,Hộp,Hóa chất,
HC0130,CLEAN-CELL M 2*2 L ELEC,Hộp,Hóa chất,
HC18076,CLEAN-CELL M 2X2 L ELEC,Hộp,Hóa chất,
2020HC75,Clean Solution,Lọ,Hóa chất,
HC18201,Clean Solution,Lọ,Hóa chất,
VT230143,Cloramin B,Gam,Vật tư tiêu hao,Hãng SX: Shouguang - Trung Quốc
VT066,CLọramin B,Kg,Vật tư tiêu hao,Hãng SX: Trung Quốc
VT03002,CLọramin B,Gam,Vật tư tiêu hao,Hãng SX: Trung Quốc
TH0228,CLọramin B,Gam,Vật tư tiêu hao,Hãng SX: Trung Quốc
VT210013,CLọramin B,Gam,Vật tư tiêu hao,Hãng SX: Trung Quốc
NT0056,CLọramin B - Trung Quốc,Kg,Vật tư tiêu hao,Hãng SX: Trung Quốc
NT0076,CLọramin B - Trung Quốc,Gam,Vật tư tiêu hao,Hãng SX: Trung Quốc
NT0172,CLọraminB,Gam,Vật tư tiêu hao,Hãng SX: Trung Quốc
DCYT043,Cờ lê mỏ lết,Chiếc,Dụng cụ y tế,Hãng SX: Trung Quốc
NT0212,Cốc có mỏ Dran 250ml/ Đức,Cái,Dụng cụ y tế,Hãng SX: Đức
NT0213,Cốc có mỏ Duran 500ml/Đức,Cái,Dụng cụ y tế,Hãng SX: Đức
TH0191,Cốc đánh bóng NUPRO,Cốc,Vật tư tiêu hao,Hãng SX: Mỹ
VT0344,Cốc đựng mẫu (Sample cup 3.0ml),Túi,Vật tư tiêu hao,Hãng SX: Italy
DCYT015,Cọc màn Inox 201 VN,Bộ,Dụng cụ y tế,Hãng SX: Việt Nam
VT067,Cốc nhựa dùng 1 lần các cỡ,Chiếc,Vật tư tiêu hao,Hãng SX: Việt Nam
NT210027,Cốc nhựa dùng một lần,Chiếc,Vật tư tiêu hao,Hãng SX: Đức An/ Việt Nam
NT0253,Cốc nhựa không nắp 200ml,Chiếc,Vật tư tiêu hao,Hãng SX: Việt Nam
NT230120,Cốc nhựa không nắp 200ml,Chiếc,Vật tư tiêu hao,Hãng SX: Việt Nam
TH0226,Cốc nhựa không nắp 200ml,Cốc,Vật tư tiêu hao,Hãng SX: Việt Nam
VT210127,Cốc nhựa không nắp 200mL,Chiếc,Vật tư tiêu hao,Hãng SX: Topas/Trung Quốc
NT0292,Cọc truyền chân vuông,Chiếc,Dụng cụ y tế,Hãng SX: Việt Nam
NT230154,Cọc truyền dịch,Chiếc,Thiết bị y tế,Hãng SX: Armepharco Z130/Việt Nam
NT0170,Cọc truyền Inox,Chiếc,Dụng cụ y tế,Hãng SX: Việt Nam
2020HC88,Combi Screen,test,Hóa chất,
HC0201,Combi Screen,test,Hóa chất,
HC18214,Combi Screen,test,Hóa chất,
2021HC156,Combi Screen,test,Hóa chất,
VT068,Cồn 70 °,Lít,Vật tư tiêu hao,Hãng SX: CNI/Việt Nam
VT0309,Cồn 70 °,Ml,Vật tư tiêu hao,Hãng SX: Khac
VT303,Cồn 70 ° (Ml),Ml,Vật tư tiêu hao,Hãng SX: CNI/Việt Nam
VT069,Cồn 96 °,Lít,Vật tư tiêu hao,Hãng SX: CNI/Việt Nam
VT03003,Cồn 96 °,Ml,Vật tư tiêu hao,Hãng SX: CNI/Việt Nam
VT0310,Cồn 96 °,Ml,Vật tư tiêu hao,Hãng SX: Khac
VT070,Côn giấy,Cái,Vật tư tiêu hao,Hãng SX: Beatrdent/Việt Nam
VT0064,Côn giấy,Cái,Vật tư tiêu hao,Hãng SX: Beatrdent/Việt Nam
TH0258,Côn giấy nha khoa PEARL ENDOPIA (ABSORBENT PAPER POINTS),Cái,Vật tư tiêu hao,Hãng SX: Hàn Quốc
NT230049,Côn giấy Pear có vạch 20,Hộp,Vật tư tiêu hao,Hãng SX: Diadent/Hàn Quốc
NT230050,Côn giấy Pear có vạch 25,Hộp,Vật tư tiêu hao,Hãng SX: Diadent/Hàn Quốc
NT230051,Côn giấy Pear có vạch 30,Hộp,Vật tư tiêu hao,Hãng SX: Diadent/Hàn Quốc
NT0288,"Côn giấy số 20,25,30",Hộp,Vật tư tiêu hao,Hãng SX: Hàn Quốc
TH0190,Côn GUTTA PEARL ENDOPIA (GUTTA PERCHA POINTS),Cái,Vật tư tiêu hao,Hãng SX: Hàn Quốc
VT071,Côn gutta percha,Chiếc,Vật tư tiêu hao,Hãng SX: Pearl Dent/ Hàn Quốc
VT0065,Côn gutta percha,Chiếc,Vật tư tiêu hao,Hãng SX: Pearl Dent/Hàn Quốc
NT210014,Cồn y tế 70 độ,Ml,Vật tư tiêu hao,Hãng SX: Cty cổ phần hóa dược VN
VT230036,Cồn y tế 70 độ,Ml,Vật tư tiêu hao,Hãng SX: Thuận Phát/Việt Nam - Việt Nam
VT230033,Cồn y tế 70 độ,Ml,Vật tư tiêu hao,Hãng SX: Công ty TNHH Hóa chất trang thiết bị y tế Thuận Phát
TH0201,Cồn y tế 70 độ,Ml,Vật tư tiêu hao,Hãng SX: Việt Nam
VT210073,Cồn y tế 70 độ,Ml,Vật tư tiêu hao,Hãng SX: Thuận Phát/Việt Nam
VT260085,Cồn y tế 70 độ,Ml,Vật tư tiêu hao,Hãng SX: Thuận Phát - Việt Nam | Nước SX: Việt Nam
VT230131,Cồn y tế 96 độ,Ml,Vật tư tiêu hao,Hãng SX: Công ty TNHH Hóa chất trang thiết bị y tế Thuận Phát - Việt Nam
NT210015,Cồn y tế 96 độ,Ml,Vật tư tiêu hao,Hãng SX: Cty cổ phần hóa dược VN
TH0167,Cồn y tế 96 độ,Ml,Vật tư tiêu hao,Hãng SX: Hóa Dược Việt Nam
VT210074,Cồn y tế 96 độ,Ml,Vật tư tiêu hao,Hãng SX: Thuận Phát/Việt Nam - Việt Nam
HC18152,Control serum 1,Lọ,Hóa chất,
HC0012,Control serum 1,Lọ,Hóa chất,
2021HC18,Control Serum 1,Lọ,Hóa chất,
2020HC25,Control Serum 1,Lọ,Hóa chất,
HC18153,Control serum 2,Lọ,Hóa chất,
HC0013,Control serum 2,Lọ,Hóa chất,
2020HC26,Control Serum 2,Lọ,Hóa chất,
2021HC19,Control Serum 2,Lọ,Hóa chất,
HC18134,CONTROLSET RF II,Hộp,Hóa chất,
HC0191,CONTROLSET RF II,Hộp,Hóa chất,
HC0051,Coulter 5C Cell Control,Bộ,Hóa chất,
HC18190,COULTER 5C Cell Control,Bộ,Hóa chất,
2021HC136,COULTER 5C Cell Control,Bộ,Hóa chất,
2020HC64,COULTER 5C Cell Control,Bộ,Hóa chất,
2021HC126,Coulter 6C Cell Control,Bộ,Hóa chất,
2020HC10,Coulter 6C Cell Control,Bộ,Hóa chất,
2022CDHC01,Coulter 6C Cell Control,Hộp,Hóa chất,
HC0047,Coulter Clenz Cleaning Agent,Hộp,Hóa chất,
2020HC60,COULTER CLENZ Cleaning Agent,Hộp,Hóa chất,
HC18186,COULTER CLENZ Cleaning Agent,Hộp,Hóa chất,
2021HC133,COULTER CLENZ Cleaning Agent,Hộp,Hóa chất,
2021HC125,Coulter DxH Cell Lyse,Hộp,Hóa chất,
2020HC07,Coulter DxH Cell Lyse,Bộ,Hóa chất,
2020HC09,Coulter DxH Cleaner,Hộp,Hóa chất,
2020HC08,Coulter DxH Diff Pack,Hộp,Hóa chất,
2021HC124,Coulter DxH Diluent,Hộp,Hóa chất,
2020HC06,Coulter DxH Diluent,Hộp,Hóa chất,
2020HC11,Coulter DxH Retic Pack,Hộp,Hóa chất,
2021HC127,Coulter DxH Retic Pack,Hộp,Hóa chất,
HC0049,Coulter Latron Control,Hộp,Hóa chất,
2020HC62,COULTER Latron Control,Hộp,Hóa chất,
HC18188,COULTER Latron Control,Hộp,Hóa chất,
2021HC134,COULTER Latron Control,Hộp,Hóa chất,
2020HC12,Coulter Latron CP-X Control,Hộp,Hóa chất,
2021HC128,Coulter Latron CP-X Control,Hộp,Hóa chất,
HC0050,Coulter Latron Primer,Hộp,Hóa chất,
HC18189,COULTER Latron Primer,Hộp,Hóa chất,
2021HC135,COULTER Latron Primer,Hộp,Hóa chất,
2020HC63,COULTER Latron Primer,Hộp,Hóa chất,
HC0044,Coulter LH Series Diluent,Hộp,Hóa chất,
2021HC130,COULTER LH Series Diluent,Hộp,Hóa chất,
HC18183,COULTER LH Series Diluent,Hộp,Hóa chất,
2020HC57,COULTER LH Series Diluent,Hộp,Hóa chất,
HC0046,Coulter LH Series Pak Reagent Kit,Hộp,Hóa chất,
2021HC132,COULTER LH Series Pak Reagent Kit,Hộp,Hóa chất,
HC18185,COULTER LH Series Pak Reagent Kit,Hộp,Hóa chất,
2020HC59,COULTER LH Series Pak Reagent Kit,Hộp,Hóa chất,
HC0048,Coulter LH Series Retic Pack Reagent Kit,Hộp,Hóa chất,
2020HC61,COULTER LH Series RETIC PAK Reagent Kit,Hộp,Hóa chất,
HC18187,COULTER LH Series RETIC PAK Reagent Kit,Hộp,Hóa chất,
HC0045,Coulter Lyse S III diff Lytic Reagent,Hộp,Hóa chất,
HC18184,COULTER LYSE S III diff Lytic Reagent,Hộp,Hóa chất,
2021HC131,COULTER LYSE S III diff Lytic Reagent,Hộp,Hóa chất,
2020HC58,COULTER LYSE S III diff Lytic Reagent,Hộp,Hóa chất,
HC0052,Coulter Retic-C Cell Control,Hộp,Hóa chất,
2020HC65,COULTER Retic-C Cell Control,Hộp,Hóa chất,
HC18191,COULTER Retic-C Cell Control,Hộp,Hóa chất,
2021HC129,Coulter S-Cal Calibrator,Hộp,Hóa chất,
2020HC13,Coulter S-Cal Calibrator Kit,Hộp,Hóa chất,
HC0053,Coulter S-CAL Calibrator Kit,Hộp,Hóa chất,
2020HC66,COULTER S-CAL Calibrator Kit,Hộp,Hóa chất,
HC18192,COULTER S-CAL Calibrator Kit,Hộp,Hóa chất,
HC0015,Creatinine,Hộp,Hóa chất,
2021HC21,Creatinine,Hộp,Hóa chất,
2020HC28,Creatinine,Hộp,Hóa chất,
HC18155,Creatinine,Hộp,Hóa chất,
HC18174,CRP Latex,Hộp,Hóa chất,
2021HC38,CRP Latex,Hộp,Hóa chất,
2020HC45,CRP Latex,Hộp,Hóa chất,
HC0032,CRP Latex,Hộp,Hóa chất,
2020HC46,CRP Latex Calibrator Normal (N) Set,Hộp,Hóa chất,
2021HC39,CRP Latex Calibrator Normal (N) Set,Hộp,Hóa chất,
HC0033,CRP Latex Calibrator Normal (N) Set,Hộp,Hóa chất,
HC18175,CRP Latex Calibrator Normal (N) Set,Hộp,Hóa chất,
HC18112,"CRP LX 300T COBASC, INT",test,Hóa chất,
HC0167,"CRP LX 300T COBASC, INT",test,Hóa chất,
HC0168,CRP LXHS 300T COBASC/INTEGRA,test,Hóa chất,
HC18113,CRP LXHS 300T COBASC/INTEGRA,test,Hóa chất,
NT0139,Curet,Cái,Dụng cụ y tế,Hãng SX: Việt Nam
NT0272,Curet tai dài 15cm,Cái,Dụng cụ y tế,Hãng SX: Pakistan
NT240018,Cuvet,Thanh,Vật tư tiêu hao,Hãng SX: Behnk Elektronik GmbH & Co.KG/Đức
NT230062,Cuvet dùng cho máy xét nghiệm đông máu(20 thanh/hộp),Thanh,Vật tư tiêu hao,Hãng SX: Behnk Elektronik GmbH & Co.KG/Đức
NT250001,Cuvet rack,Hộp,Vật tư tiêu hao,Hãng SX: BE/Đức
VT0326,Cuvette máy sinh hóa AU400,Chiếc,Vật tư tiêu hao,Hãng SX: Beckman Couter/Nhật
NT230193,Cuvette rack,Thanh,Vật tư tiêu hao,Hãng SX: Behnk Elektronik GmbH & Co.KG/Đức
VT309,Cuvette racks,Hộp,Vật tư tiêu hao,Hãng SX: BE/Đức
VT260072,Cuvette racks 4-fold CP,Hộp,Vật tư tiêu hao,Hãng SX: Behnk Elektronik GmbH & Co. KG/ Đức | Nước SX: Đức
NT00100,Cuvette va bi tu Compact X + XRC (2320 Test),Hộp,Vật tư tiêu hao,Hãng SX: Đức
NT0237,Cuvette va bi tu Compact X + XRC (2320 Test),Hộp,Vật tư tiêu hao,Hãng SX: Đức
HC18029,CYFRA CALSET 2 ELEC,Hộp,Hóa chất,
HC0082,CYFRA CALSET 2 ELEC,Hộp,Hóa chất,
HC18028,CYFRA RP ELEC,test,Hóa chất,
HC0081,CYFRA RP ELEC,test,Hóa chất,
NT0174,"Đai lưng Orbe cỡ M, L",Chiếc,Vật tư tiêu hao,Hãng SX: Orbe/Việt Nam
VT072,Đai số 8,Chiếc,Vật tư tiêu hao,Hãng SX: OBBE/Việt Nam
VT0066,Đai số 8,Chiếc,Vật tư tiêu hao,Hãng SX: OBBE/Việt Nam
VT073,Đai thắt lưng (các cỡ),Chiếc,Vật tư tiêu hao,Hãng SX: OBBE/Việt Nam
VT0067,Đai thắt lưng (các cỡ),Chiếc,Vật tư tiêu hao,Hãng SX: OBBE/Việt Nam
TH0230,Đai thắt lưng ORBE (L),Chiếc,Vật tư tiêu hao,Hãng SX: Việt Nam
TH0229,Đai thắt lưng ORBE (M),Chiếc,Vật tư tiêu hao,Hãng SX: Việt Nam
NT0161,"Dao cầu thái dược liệu ( thép tôi), Kt: 350x90 mm. Xuất xứ: Việt Nam",Bộ,Dụng cụ y tế,Hãng SX: Việt Nam
VT0068,"Đầu côn (xanh,vàng)",Chiếc,Vật tư tiêu hao,"Hãng SX: Haimen UnitedLaBộratory EquipmentDeveLọpment Co.,Ltd - Trung Quốc"
VT074,"Đầu côn (xanh,vàng)",Chiếc,Vật tư tiêu hao,"Hãng SX: Haimen UnitedLaBộratory EquipmentDeveLọpment Co.,Ltd - Trung Quốc"
NT0039,"Đầu côn 1000 - 5000 , 250 cái / túi",Túi,Dụng cụ y tế,Hãng SX: Đức
NT220074,Đầu côn 5ml-AHN-Đức,Chiếc,Vật tư tiêu hao,Hãng SX: AHN - Đức
TH0196,Đầu côn vàng,Chiếc,Vật tư tiêu hao,Hãng SX: Trung Quốc
NT230115,Đầu côn vàng,Chiếc,Vật tư tiêu hao,"Hãng SX: Nantong Renon LaBộratory Equipment Co.,Ltd-Trung Quốc"
NT0206,Đầu côn vàng,Cái,Vật tư tiêu hao,Hãng SX: Trung Quốc
VT230037,Đầu côn vàng,Chiếc,Vật tư tiêu hao,Hãng SX: Đất Việt Thành
NT240021,Đầu côn vàng,Chiếc,Vật tư tiêu hao,Hãng SX: Đất Việt Thành/Việt Nam - Việt Nam
VT260039,Đầu côn vàng 200 ul,Cái,Vật tư tiêu hao,"Hãng SX: Jiangsu Huida Medical Instruments Co., Ltd., Trung Quốc | Nước SX: Trung Quốc"
VT210126,"Đầu côn vàng, xanh",Chiếc,Vật tư tiêu hao,Hãng SX: Jiangsu Huida/Trung Quốc
NT230116,Đầu côn xanh,Chiếc,Vật tư tiêu hao,Hãng SX: Jiangsu Huida/ Trung Quốc - Trung Quốc
VT230076,Đầu côn xanh,Cái,Vật tư tiêu hao,Hãng SX: Đất Việt Thành/Việt Nam - Việt Nam
VT260040,Đầu côn xanh 1000 ul,Cái,Vật tư tiêu hao,"Hãng SX: Jiangsu Huida Medical Instruments Co., Ltd., Trung Quốc | Nước SX: Trung Quốc"
NT230190,Đầu đọc Barcode ZEBRA-DS9308,Cái,Vật tư tiêu hao,Hãng SX: Zebra
VT0325,Đầu hút hóa chất máy AU400(R Probe),Chiếc,Vật tư tiêu hao,Hãng SX: Beckman Couter/Nhật
TH0269,Đầu lấy cao răng dưới nướu ART,Cái,Vật tư tiêu hao,Hãng SX: taiwan
VTTH410,Đầu mũi lấy cao,Chiếc,Vật tư tiêu hao,Hãng SX: Trung Quốc
VT260004,Dầu Paraffin,Ml,Vật tư tiêu hao,Hãng SX: Thuận Phát | Nước SX: Việt Nam
VT075,Dầu parafin,Lít,Vật tư tiêu hao,Hãng SX: Parafin/Việt Nam
VT0069,Dầu parafin,Ml,Vật tư tiêu hao,Hãng SX: Parafin/Việt Nam
VT0304,Dầu parafin,Ml,Vật tư tiêu hao,Hãng SX: Parafin/Việt Nam
TH0223,Dầu parafin,Ml,Vật tư tiêu hao,Hãng SX: Hàn Quốc
VT210082,Dầu parafin,Ml,Vật tư tiêu hao,Hãng SX: Thuận Phát/Việt Nam
NT240056,Dầu Parafin,Ml,Vật tư tiêu hao,Hãng SX: Panama Petrochem - Việt Nam
VT230112,Dầu parafin can 30L,Ml,Vật tư tiêu hao,Hãng SX: Raji
VT076,Dầu sả,Lít,Vật tư tiêu hao,Hãng SX: Tinh dầu sả/Việt Nam
VT260015,Dầu sả,Ml,Vật tư tiêu hao,Hãng SX: Thuận Phát | Nước SX: Việt Nam
VT0070,Dầu sả,Lít,Vật tư tiêu hao,Hãng SX: Tinh dầu sả/Việt Nam
VT230139,Dầu sả can 30L,Lít,Vật tư tiêu hao,Hãng SX: Thuận Phát/Việt Nam - Việt Nam
HCKN.19.04,Dầu soi kính hiển vi,Chai,Hóa chất,
VT250068,Đầu tip Gilson 200ul màu vàng,Cái,Vật tư tiêu hao,"Hãng SX: Jiangsu Huida Medical Instruments Co., Ltd | Nước SX: Trung Quốc"
VT250067,Đầu tip Gilson màu xanh,Cái,Vật tư tiêu hao,"Hãng SX: Jiangsu Huida Medical Instruments Co., Ltd | Nước SX: Trung Quốc"
NT0081,Dây bơm nhu động Nihon Kohden/Nhật,Chiếc,Vật tư tiêu hao,Hãng SX: Nhật Bản
VT0324,Dây bơm nhu động(Peristalic Pump tubing with fitting),Chiếc,Vật tư tiêu hao,Hãng SX: SFRI/Pháp
NT220015,Dây châm cứu (Xuất sứ: TQ). Có gia cố chống nhiệt phần dây sát với kẹp kim châm cứu,Chiếc,Vật tư tiêu hao,Hãng SX: Trung Quốc
NT240035,Dây châm cứu 4 VN,Chiếc,Vật tư tiêu hao,Hãng SX: Việt Nam
NT230137,Dây châm cứu giắc tròn,Chiếc,Vật tư tiêu hao,Hãng SX: Việt Nam
NT230136,Dây châm cứu giắc vuông,Chiếc,Vật tư tiêu hao,Hãng SX: Việt Nam
NT230165,Dây cho ăn,Cái,Vật tư tiêu hao,Hãng SX: Hoàng Sơn/Việt Nam
NT0156,Dây cho ăn,Cái,Vật tư tiêu hao,Hãng SX: Việt Nam
NT0061,Dây cho ăn 16Fr ( Sonde dạ dày),Chiếc,Vật tư tiêu hao,Hãng SX: Việt Nam
VT0345,Dây dẫn tín hiệu máy đắp thuốc MF 508,Dây,Vật tư tiêu hao,Hãng SX: Việt Nam
NT250014,Dây dẫn tín hiệu xung điện 2 cái/ cặp - Vn,Cặp,Vật tư tiêu hao,Nước SX: Việt Nam
NT240039,"Dây điện cực màu đen,phụ kiện của máy điện phân dẫn thuốc IONO BASE+",Chiếc,Vật tư tiêu hao,Hãng SX: Led Spa/Italy
NT240038,"Dây điện cực màu đỏ,phụ kiện của máy điện phân dẫn thuốc IONO BASE+",Chiếc,Vật tư tiêu hao,Hãng SX: Led Spa/Italy
VT230056,Dây garo,Chiếc,Vật tư tiêu hao,Hãng SX: Đất Việt Thành/Việt Nam - Việt Nam
NT230020,Dây garo,Chiếc,Vật tư tiêu hao,Hãng SX: Việt Nam
NT0209,Dây Garo,Cái,Vật tư tiêu hao,Hãng SX: Việt Nam
TH0014,Dây Garo,Chiếc,Vật tư tiêu hao,Hãng SX: Việt Nam
VT0071,"Dây garo tay, đùi",Chiếc,Vật tư tiêu hao,Hãng SX: Việt Nam
VT077,"Dây garo tay, đùi",Chiếc,Vật tư tiêu hao,Hãng SX: Việt Nam
NT210101,Dây garo vải,Cái,Vật tư tiêu hao,Hãng SX: Thời Thanh Bình/VN
NT210053,Dây hàn nhiệt máy dán túi,Chiếc,Vật tư tiêu hao,Hãng SX: Trung Quốc
VT230057,Dây hút đàm nhớt,Bộ,Vật tư tiêu hao,"Hãng SX: NingBộ Greetmed Medical Instruments Co,Ltd"
VT0014,Dây hút đàm nhớt,Bộ,Vật tư tiêu hao,"Hãng SX: Ningbo Greetmed Medical Instruments Co.,Ltd"
VT250032,Dây hút dịch ECO sử dụng một lần,Cái,Vật tư tiêu hao,Hãng SX: Công ty cổ phần nhựa y tế Việt Nam | Nước SX: Việt Nam
VT301,Dây hút nhớt ( đờm dãi ),Cái,Vật tư tiêu hao,Hãng SX: Việt Nam
VT210014,"Dây hút nhớt có nắp, không nắp các cỡ",Bộ,Vật tư tiêu hao,Hãng SX: MPV/Việt Nam
VT260029,Dây hút nhớt kiểm soát các số (Ống thông hút dịch,Cái,Vật tư tiêu hao,"Hãng SX: Symphon Medical Technology Co., Ltd | Nước SX: Đài Loan"
TH0023,Dây hút nhớt MPV có nắp,Bộ,Vật tư tiêu hao,Hãng SX: MPV/Việt Nam
TH0050,Dây hút nhớt MPV không nắp,Cái,Vật tư tiêu hao,Hãng SX: MPV/Việt Nam
VT250003,Dây máy điện châm,Chiếc,Vật tư tiêu hao,"Hãng SX: Wujin Greatwall Medical Device Co., Ltd Changzhou/Trung Quốc - Trung Quốc"
NT210011,Dây máy điện châm,Bộ,Vật tư tiêu hao,Hãng SX: Medicine/Việt Nam
VT0072,Dây máy điện châm,Bộ,Vật tư tiêu hao,Hãng SX: Trung Quốc
VT078,Dây máy điện châm,Bộ,Vật tư tiêu hao,Hãng SX: Trung Quốc
TH0233,Dây máy điện châm,Bộ,Vật tư tiêu hao,Hãng SX: Trung Quốc
NT220117,Dây máy điện châm - Việt Nam,Bộ,Vật tư tiêu hao,Hãng SX: Việt Nam
NT240033,Dây máy điện châm KWD,Chiếc,Vật tư tiêu hao,Hãng SX: Việt Nam
VT079,Dây máy thở dùng 1 lần,Chiếc,Vật tư tiêu hao,Hãng SX: Trung Quốc
VT0073,Dây máy thở dùng 1 lần,Chiếc,Vật tư tiêu hao,Hãng SX: Trung Quốc
VT080,Dây nối bơm tiêm điện,Chiếc,Vật tư tiêu hao,Hãng SX: BBraun/Việt Nam
VT250022,Dây nối bơm tiêm điện,Cái,Vật tư tiêu hao,Hãng SX: Wellmed International Industries Pvt.Ltd. | Nước SX: Ấn Độ
VT0074,Dây nối bơm tiêm điện,Chiếc,Vật tư tiêu hao,Hãng SX: BBraun/Việt Nam
VT260087,Dây nối bơm tiêm điện,Cái,Vật tư tiêu hao,Hãng SX: Wellmed - Ấn Độ | Nước SX: Ấn Độ
NT210007,Dây nối bơm tiêm điện 140cm,Chiếc,Vật tư tiêu hao,Hãng SX: BBraun/Việt Nam
NT240057,Dây nối bơm tiêm điện 140cm,Bộ,Vật tư tiêu hao,Hãng SX: MPV/Việt Nam
NT220028,Dây nối bơm tiêm điện 140cm,Cái,Vật tư tiêu hao,Hãng SX: Wellmed/Ấn Độ
NT230167,Dây nối bơm tiêm điện 150cm,Cái,Vật tư tiêu hao,Hãng SX: Lamed/Ấn Độ
VT0044,Dây nối bơm tiêm điện 150cm,Cái,Vật tư tiêu hao,Hãng SX: Lamed
NT240016,Dây nối bơm tiêm điện 150cm,Cái,Vật tư tiêu hao,Hãng SX: Lamed/Ấn Độ
VT0058,Dây nối bơm tiêm điện 150cm,Cái,Vật tư tiêu hao,Hãng SX: Lamed
TH0110,"Dây nối bơm tiêm điện 75cm, MIN.VOL.EXTENSION TUBING 75CM LL",Bộ,Vật tư tiêu hao,Hãng SX: BBraun/Việt Nam
NT0123,Dây nội soi khí quản kích thước 5.0mm - Ambu - Đan Mạch/Malaysia,Cái,Vật tư tiêu hao,Hãng SX: Malaysia
NT0097,Dây rắc cắm máy vật lý trị liệu ( VN),Cái,Vật tư tiêu hao,Hãng SX: Việt Nam
VT210155,Dây thở oxy,Bộ,Vật tư tiêu hao,Hãng SX: MPV/Việt Nam
VT0001,Dây thở oxy,Cái,Vật tư tiêu hao,"Hãng SX: Ningbo Great Mountain Medical Instruments Co., Ltd"
NT230100,Dây thở oxy,Bộ,Vật tư tiêu hao,Hãng SX: Hitec/Trung Quốc
VT210015,Dây thở oxy,Bộ,Vật tư tiêu hao,Hãng SX: MPV/Việt Nam
VT0004,Dây thở oxy,Bộ,Vật tư tiêu hao,Hãng SX: Hitec
NT230021,Dây thở oxy,Cái,Vật tư tiêu hao,"Hãng SX: NingBộ Great Mountain Medical Instrument Co.,Ltd- Trung Quốc"
VT0075,Dây thở ôxy,Chiếc,Vật tư tiêu hao,Hãng SX: Shree Umiya Surgical Pvt. Ltd /Ấn Độ
VT081,Dây thở ôxy,Chiếc,Vật tư tiêu hao,Hãng SX: Shree Umiya Surgical Pvt. Ltd /Ấn Độ
VT230078,Dây thở oxy 2 nhánh,Bộ,Vật tư tiêu hao,Hãng SX: Đất Việt Thành/Việt Nam
VT0050,Dây thở oxy 2 nhánh,Bộ,Vật tư tiêu hao,Hãng SX: Đất Việt Thành
NT230162,Dây thở oxy 2 nhánh,Cái,Vật tư tiêu hao,Hãng SX: Hoàng Sơn/Việt Nam
VT0042,Dây thở oxy 2 nhánh,Cái,Vật tư tiêu hao,Hãng SX: Hoàng Sơn
VT230106,Dây thở oxy 2 nhánh,Bộ,Vật tư tiêu hao,Hãng SX: Đất Việt Thành/Việt Nam
NT0204,Dây thở oxy MPV,Bộ,Vật tư tiêu hao,Hãng SX: MPV/Việt Nam
TH0051,Dây thở oxy MPV,Bộ,Vật tư tiêu hao,Hãng SX: MPV/Việt Nam
VT210100,Dây truyền đếm giọt,Bộ,Vật tư tiêu hao,Hãng SX: BBraun/Việt Nam
VT003,Dây truyền đếm giọt 2-250ml/h,Bộ,Vật tư tiêu hao,Hãng SX: B.Braun
VT082,Dây truyền đếm giọt Lọại 2-250ml/h,Bộ,Vật tư tiêu hao,Hãng SX: Wellcare/Đài Lọan
VT0076,Dây truyền đếm giọt Lọại 2-250ml/h,Cái,Vật tư tiêu hao,Hãng SX: Wellcare/Đài Lọan
VT083,Dây truyền dịch,Bộ,Vật tư tiêu hao,Hãng SX: MPV/Việt Nam
VT0077,Dây truyền dịch,Bộ,Vật tư tiêu hao,Hãng SX: MPV/Việt Nam
VT210156,"Dây truyền dịch (có kim cánh bướm, không kim cánh bướm)",Bộ,Vật tư tiêu hao,Hãng SX: MPV/Việt Nam
VT210016,"Dây truyền dịch (có kim cánh bướm, không kim cánh bướm)",Bộ,Vật tư tiêu hao,Hãng SX: MPV/Việt Nam
VT006,Dây truyền dịch (Hanaco),Bộ,Vật tư tiêu hao,Hãng SX: Pháp
TH0035,Dây truyền dịch có kim cánh bướm,Bộ,Vật tư tiêu hao,Hãng SX: Trung Quốc
VT230083,Dây truyền máu,Bộ,Vật tư tiêu hao,Hãng SX: Van Oostveen Medical B.V;Hà Lan’BL-1020
VT260055,Dây truyền máu,Cái,Vật tư tiêu hao,"Hãng SX: Weifang Kawa Medical Products Co., Ltd- Trung Quốc | Nước SX: Trung Quốc"
VT0053,Dây truyền máu,Bộ,Vật tư tiêu hao,Hãng SX: Van Oostveen Medical B.V
VT084,Dây truyền máu 20ml,Bộ,Vật tư tiêu hao,Hãng SX: Shree Umiya Surgical Pvt. Ltd /Ấn Độ
VT0078,Dây truyền máu 20ml,Bộ,Vật tư tiêu hao,Hãng SX: Shree Umiya Surgical Pvt. Ltd /Ấn Độ
NT230161,Dây truyền máu Romed,Cái,Vật tư tiêu hao,Hãng SX: Vanoostveen Romed/ Hà Lan
VT0041,Dây truyền máu Romed,Cái,Vật tư tiêu hao,Hãng SX: Vanoostveen Romed
TH0005,Dây truyền máu TERUMO TB-U800L,Bộ,Vật tư tiêu hao,Hãng SX: Terumo/Nhật Bản
VT210101,Dây truyền máu(Buồng đơn; Buồng kép),Bộ,Vật tư tiêu hao,Hãng SX: Terumo/Nhật Bản
2020HC89,"DD natricitrat 3,8%",Chai,Hóa chất,
HC18215,"DD natricitrat 3,8%",Chai,Hóa chất,
2021HC146,DD phá hồng cầu Hemolynac 3N,Thùng,Hóa chất,
HC0207,DD phá hồng cầu Hemolynac3,Thùng,Hóa chất,
2020HC77,DD phá hồng cầu Hemolynac3,Thùng,Hóa chất,
HC18203,DD phá hồng cầu Hemolynac3N,Thùng,Hóa chất,
2020HC76,DD pha loãng Isotonac3,Thùng,Hóa chất,
HC0206,DD pha loãng Isotonac3,Thùng,Hóa chất,
HC18202,DD pha loãng Isotonac3,Thùng,Hóa chất,
2021HC145,DD pha loãng Isotonac3,Thùng,Hóa chất,
HC18205,DD rửa Cleanac,Thùng,Hóa chất,
HC0205,DD rửa Cleanac,Thùng,Hóa chất,
HC0213,DD rửa Cleanac 3,Thùng,Hóa chất,
HC18204,DD rửa Cleanac 3,Thùng,Hóa chất,
2020HC78,DD rửa Cleanac 3,Thùng,Hóa chất,
2021HC147,DD rửa Cleanac 3,Thùng,Hóa chất,
NT230053,Đè lưỡi,Cái,Vật tư tiêu hao,Hãng SX: Hoàng Sơn/Việt Nam
NT220081,Đè lưỡi gỗ,Hộp,Vật tư tiêu hao,Hãng SX: Hoàng Sơn/Việt Nam
NT250009,Đè lưỡi gỗ,Chiếc,Vật tư tiêu hao,Hãng SX: Tanaphar/Việt Nam
VT0079,Đè lưỡi gỗ cỡ 150 x 20 x 2mm,Chiếc,Vật tư tiêu hao,Hãng SX: Việt Nam
VT085,Đè lưỡi gỗ cỡ 150 x 20 x 2mm,Chiếc,Vật tư tiêu hao,Hãng SX: Việt Nam
NT230028,Đệm cáng cứu thương,Cái,Dụng cụ y tế,Hãng SX: Việt Nam
DCYT046,Đệm hơi chống Lọét Lucass 5789,Chiếc,Dụng cụ y tế,Hãng SX: Trung Quốc
DCYT047,Đệm nước KT:185cmx90cm,Chiếc,Dụng cụ y tế,Hãng SX: Việt Nam
NT240032,Đèn Clar khám tai mũi họng Headlight Medical HCM-6693,Chiếc,Vật tư tiêu hao,"Hãng SX: Nantong Healthcare Medical Instrument Co.,Ltd/Trung Quốc"
NT0119,"Đèn cực tím khử khuẩn treo tường. KT: 1,2 m có máng điện áp 220V-50Hz. Xuất xứ: Việt Nam",Chiếc,Thiết bị y tế,Hãng SX: Việt Nam
NT210090,Đèn cực tím tiệt trùng. Model: FY-30DC. Xuất xứ: Trung Quốc,Chiếc,Thiết bị y tế,Hãng SX: Jiang Yin
TBYT 036,Đèn đọc phim X quang 2 cửa Kt:45cmx72cm,Chiếc,Thiết bị y tế,Hãng SX: Việt Nam
NT230110,Đèn gù tiểu phẫu ánh sáng lạnh TN,Chiếc,Thiết bị y tế,Hãng SX: Thành Nhân/Việt Nam
NT220003,Đèn gù tiểu phẫu ánh sáng lạnh TNE(Có dimer),Chiếc,Thiết bị y tế,Hãng SX: Thành Nhân TNE/Việt Nam
VT210124,Đèn hồng ngoại chân cao (có bóng),Chiếc,Thiết bị y tế,Hãng SX: Thành Nhân TNE/Việt Nam
NT0187,Đèn hồng ngoại chân cao có chiết áp ( không bóng TNE),Chiếc,Thiết bị y tế,Hãng SX: Việt Nam
NT0101,Đèn hồng ngoại chân cao TNE,Chiếc,Thiết bị y tế,Hãng SX: Việt Nam
NT0142,Đèn hồng ngoại chân cao TNE có climmer không bóng,Cái,Thiết bị y tế,Hãng SX: Việt Nam
NT0089,"Đèn hồng ngoại chân cao TNE có dimmer ( không bóng) TNE, Hộp 1 chiếc",Chiếc,Thiết bị y tế,Hãng SX: Việt Nam
TBYT035,Đèn hồng ngoại chân cao( có bóng Philip 150W kèm Thẻo); XX: TNE/VN,Chiếc,Thiết bị y tế,Hãng SX: Việt Nam
TBYT12,"Đèn hồng ngoại chân cao, XX: TNE/ Việt Nam",Chiếc,Thiết bị y tế,Hãng SX: Việt Nam
NT0094,Đèn mổ 1 bóng L751/TQ,Chiếc,Thiết bị y tế,Hãng SX: Trung Quốc
NT0020,Đèn quang trùng hợp Woodpecker Led B,Cái,Vật tư tiêu hao,Hãng SX: Trung Quốc
NT0190,Đèn sưởi HaLọgen,Chiếc,Thiết bị y tế,Hãng SX: Trung Quốc
NT0141,Đèn tần phổ,Cái,Thiết bị y tế,Hãng SX: Trung Quốc
NT0189,Đèn tử ngoại di động,Chiếc,Thiết bị y tế,Hãng SX: Trung Quốc
NT210098,Đèn tử ngoại tiệt trùng FY-30DC(Có điều khiển từ xa)-TQ,Chiếc,Thiết bị y tế,Hãng SX: Trung Quốc
NT210050,Đèn tử ngoại tiệt trùng. Model: FY-30DC,Chiếc,Thiết bị y tế,Hãng SX: Trung Quốc
NT0230,Đèn xông ngải,Chiếc,Thiết bị y tế,Hãng SX: Trung Quốc
HC18208,Dengue IgG/IgM Onsite CTK Biotech Onsite Dengue Ag Rapid Test),test,Hóa chất,
NT220071,Đĩa petri F9-Wertlab-Đức,Chiếc,Vật tư tiêu hao,Hãng SX: Wertlab- Đức
NT0036,Đĩa Petri Wertlab 90 x 15mm,Bộ,Dụng cụ y tế,Hãng SX: Đức
NT0217,Đĩa Petri Wertlab 90x15mm/Wertlab/Đức,Bộ,Dụng cụ y tế,Hãng SX: Đức
SX074,Điện,KW,Vật tư tiêu hao,
VT0316,Điện cực Ca (Ca Electrode/Sensor),Chiếc,Vật tư tiêu hao,Hãng SX: Khac
VT0080,Điện cực dán (dùng cho monitor),Miếng,Vật tư tiêu hao,Hãng SX: Tyrolmed/Áo
VT086,Điện cực dán (dùng cho monitor),Miếng,Vật tư tiêu hao,Hãng SX: Tyrolmed/Áo
VT087,Điện cực dán điện tim holter,Miếng,Vật tư tiêu hao,Hãng SX: Tyrolmed/Áo
VT0081,Điện cực dán điện tim holter,Miếng,Vật tư tiêu hao,Hãng SX: Tyrolmed/Áo
VT230051,Điện cực dán đo dẫn truyền,Túi,Vật tư tiêu hao,Hãng SX: Ambu A/S - Đan Mạch - Đan Mạch
VT250061,Điện cực dán đo dẫn truyền đo cho máy điện cơ,Cái,Vật tư tiêu hao,Hãng SX: Ambu | Nước SX: Malaysia
NT240003,Điện cực dán máy điện châm 6 kênh,Miếng,Vật tư tiêu hao,Hãng SX: Trung Quốc
NT220077,Điện cực dán máy điện châm 6 kênh - Trung Quốc,Chiếc,Vật tư tiêu hao,Hãng SX: Trung Quốc
NT230069,Điện cực dán máy điện châm 6 kênh Trung Quốc,Cặp,Vật tư tiêu hao,Hãng SX: Trung Quốc
VT088,Điện cực dán máy đo xơ vữa,Miếng,Vật tư tiêu hao,Hãng SX: Omron/Japan
VT0082,Điện cực dán máy đo xơ vữa,Miếng,Vật tư tiêu hao,Hãng SX: Omron/Japan
NT0245,Điện cực dán Monitor,Cái,Vật tư tiêu hao,Hãng SX: Đức
NT260010,Điện cực đo dán dẫn truyền,Miếng,Vật tư tiêu hao,Hãng SX: Ambu | Nước SX: Malaysia
VT0083,Điện cực đo dẫn truyền,Hộp,Vật tư tiêu hao,Hãng SX: Ambu/Malaysia
NT230019,Điện cực đo dẫn truyền,Miếng,Vật tư tiêu hao,Hãng SX: Ambu Sdn.Bhd-Malaysia
VT089,Điện cực đo dẫn truyền,Hộp,Vật tư tiêu hao,Hãng SX: Ambu - Đan mạch /SX tại Malaysia
VT260051,Điện cực đo dẫn truyền bề mặt,Miếng,Vật tư tiêu hao,Hãng SX: Ambu/Malaysia | Nước SX: Malaysia
VT210160,Điện cực đo dẫn truyền bề mặt,bịch,Vật tư tiêu hao,Hãng SX: Ambu/Malaysia
VT210017,Điện cực đo dẫn truyền bề mặt,bịch,Vật tư tiêu hao,Hãng SX: Malaysia
NT230081,Điện cực đo dẫn truyền bề mặt,Miếng,Vật tư tiêu hao,Hãng SX: Ambu/Malaysia
TH0031,Điện cực đo dẫn truyền bề mặt,Túi,Vật tư tiêu hao,Hãng SX: Ambu/Malaysia
NT0067,Điện cực dùng cho máy tán sỏi ngoài cơ thể SDS5000 Xuất xứ: Hàn Quốc,Chiếc,Vật tư tiêu hao,Hãng SX: Hàn Quốc
VT0317,Điện cực K ( K Electrode/Sensor),Chiếc,Vật tư tiêu hao,Hãng SX: Khac
NT0084,Điện cực máy điện xung (TQ) - quy cách: 2 chiếc/cặp,Cặp,Vật tư tiêu hao,Hãng SX: Trung Quốc
NT220064,Điện cực ngực H041A(6c/bộ) của máy điện tim,Bộ,Vật tư tiêu hao,Hãng SX: Nihonkoden/Nhật
VT0318,Điện cực PH ( PH Electrode/Sensor),Chiếc,Vật tư tiêu hao,Hãng SX: SFRI/Pháp
VT0084,Điện cực tán sỏi,Chiếc,Vật tư tiêu hao,Hãng SX: MarfLọw/Thụy Sỹ
VT090,Điện cực tán sỏi,Chiếc,Vật tư tiêu hao,Hãng SX: MarfLọw/Thụy Sỹ
TH0053,Điện cực tán sỏi,Cái,Vật tư tiêu hao,Hãng SX: Hàn Quốc
VTTHVTTH160420165357,Điện cực trung tính bệnh nhân(Code:E7509B) Lọại không dây người lớn,Chiếc,Vật tư tiêu hao,Hãng SX: Mỹ
TH0197,Điếu ngải cứu ( Nhang ngải cứu),Điếu,Vật tư tiêu hao,Hãng SX: Việt Nam
VT210084,Điếu ngải cứu (nhang ngải cứu),Điếu,Vật tư tiêu hao,Hãng SX: Tuệ Hải Đường/Việt Nam
VT0085,Điếu ngải nhung (Lọại trung) 20cm,Điếu,Vật tư tiêu hao,Hãng SX: Hải Đường/Việt nam
VT091,Điếu ngải nhung (Lọại trung) 20cm,Điếu,Vật tư tiêu hao,Hãng SX: Hải Đường/Việt nam
HC18156,Direct Bilirubin,Hộp,Hóa chất,
2021HC22,Direct Bilirubin,Hộp,Hóa chất,
2020HC29,Direct Bilirubin,Hộp,Hóa chất,
HC0016,Direct Bilirubin,Hộp,Hóa chất,
NT0300,đơn vị Test,test,Vật tư tiêu hao,Hãng SX: Việt Nam
TH0017,Đồng hồ đo áp suất bình Oxy,Bộ,Vật tư tiêu hao,Hãng SX: Yamato
NT230091,"Đồng hồ đo nhiệt độ , độ ẩm",Cái,Thiết bị y tế,Hãng SX: ELítECH/ Trung Quốc
NT220109,Đồng hồ oxy,Cái,Vật tư tiêu hao,"Hãng SX: Jiangsu Keling Medical Appliances Co., Ltd/Trung Quốc"
VT230025,Đồng hồ oxy,Bộ,Vật tư tiêu hao,"Hãng SX: Danyang Madicom Electromec hanical Co.,Ltd - Trung Quốc"
VT092,Đồng hồ ôxy,Chiếc,Vật tư tiêu hao,Hãng SX: Liên doanh Nhật
VT0086,Đồng hồ ôxy,Chiếc,Vật tư tiêu hao,Hãng SX: Liên doanh Nhật
NT0070,Đồng hồ Oxy - Yamato,Bộ,Thiết bị y tế,Hãng SX: Yamato
NT0060,Đồng hồ oxy Kimura-Japan,Bộ,Vật tư tiêu hao,Hãng SX: Nhật Bản
NT210019,"Đồng hồ Oxy Kimura (Công nghệ Japan, Sx:TQ)",Bộ,Vật tư tiêu hao,Hãng SX: Trung Quốc
NT0157,Đồng hồ Oxy Kimura Kimura/Trung Quốc,Bộ,Vật tư tiêu hao,Hãng SX: Trung Quốc
NT240015,Đồng hồ oxy Lọại cắm tường,Cái,Vật tư tiêu hao,Hãng SX: Kaipo/Trung Quốc
NT220002,Đồng hồ oxy Regulator,Chiếc,Vật tư tiêu hao,Hãng SX: Medical Regulator/Trung Quốc
NT230039,Dũa Mani 10 L21mm,vi,Vật tư tiêu hao,Hãng SX: Mani/Việt Nam
NT230040,Dũa Mani 15 L21mm,vi,Vật tư tiêu hao,Hãng SX: Mani/Việt Nam
NT230041,Dũa Mani 20 L21mm,vi,Vật tư tiêu hao,Hãng SX: Mani/Việt Nam
NT230042,Dũa Mani 25 L21mm,vi,Vật tư tiêu hao,Hãng SX: Mani/Việt Nam
VT093,Đui bóng đèn hồng ngoại,Chiếc,Vật tư tiêu hao,Hãng SX: Trung Quốc
VT0087,Đui bóng đèn hồng ngoại,Chiếc,Vật tư tiêu hao,Hãng SX: Trung Quốc
TH0015,Đui đèn sứ cỡ E27,Chiếc,Vật tư tiêu hao,Hãng SX: Trung Quốc
NT0138,Dụng cụ lấy dị vật họng,Cái,Dụng cụ y tế,Hãng SX: Pakistan
NT0137,Dụng cụ lấy dị vật mũi,Cái,Dụng cụ y tế,Hãng SX: Pakistan
NT0136,Dụng cụ lấy dị vật tai,Cái,Dụng cụ y tế,Hãng SX: Pakistan
DCYT027,Dụng cụ soi hậu môn Hirschmann số 1,Cái,Dụng cụ y tế,Hãng SX: Prime/Pakistan
VT310,Dung dịch Aniosyme Synergy 5,Thùng,Vật tư tiêu hao,Hãng SX: France
TH0270,Dung dịch dầu Eugenol SULTAN U.S,Lọ,Vật tư tiêu hao,Hãng SX: Mỹ
VT0088,Dung dịch dùng với vật liệu trám răng (Eugenol),Lọ,Vật tư tiêu hao,Hãng SX: Eugenol/Ấn Độ
VT094,Dung dịch dùng với vật liệu trám răng (Eugenol),Lọ,Vật tư tiêu hao,Hãng SX: Eugenol/Ấn Độ
NT0132,"Dung dịch Giemsa, Lọại 1000ml/bình (Merk/Đức)",Bình,Vật tư tiêu hao,Hãng SX: Đức
NT260014,Dung dịch khử khuẩn dụng cụ Cidezyme,Ml,Vật tư tiêu hao,Hãng SX: PurposeBuilt Brands | Nước SX: Mỹ
TH0039,Dung dịch khử khuẩn dụng cụ mức độ cao Cidex OPA,Lít,Vật tư tiêu hao,Hãng SX: Johnson & Johnson
NT2230097,Dung dịch khử khuẩn mức độ cao 2039 Cidex OPA,Ml,Vật tư tiêu hao,Hãng SX: Systagenix Wound Management Limited/Anh
VT210173,Dung dịch khử khuẩn mức độ cao 20391 Cidex OPA,Ml,Vật tư tiêu hao,Hãng SX: Anh
NT230103,Dung dịch khử khuẩn mức độ cao 20391 Cidex OPA,Ml,Vật tư tiêu hao,Hãng SX: Systagenix Wound Management Limited/Anh
NT220108,Dung dịch khử khuẩn mức độ cao 20391 Cidex OPA,Ml,Vật tư tiêu hao,Hãng SX: Systagenix Wound Management Limited/Anh
VT210022,Dung dịch khử khuẩn mức độ cao 20391Cidex OPA,Ml,Vật tư tiêu hao,Hãng SX: Anh
NT230155,Dung dịch khử khuẩn mức độ cao Cidex OPA,Ml,Vật tư tiêu hao,Hãng SX: Systagenix Wound Management Limited/Anh
NT230082,Dung dịch khử khuẩn mức độ cao Cidex OPA,Ml,Vật tư tiêu hao,Hãng SX: Johnson & Johnson
NT230146,Dung dịch khử khuẩn mức độ cao Cidex OPA,Thùng,Vật tư tiêu hao,Hãng SX: Systagenix Wound Management Limited/Anh
NT0254,"Dung dịch khử khuẩn mức độ cao Cidex OPA, can 3,78 lít",Lít,Vật tư tiêu hao,Hãng SX: UK
VT230097,"Dung dịch khử khuẩn mức độ cao ortho-Phthalaldehyde CIDEX OPA 3,78L",Thùng,Vật tư tiêu hao,Hãng SX: Systagenix Wound Management Limited/Anh
VT210170,Dung dịch khử khuẩn mức độ cao Steranios 2%,Ml,Vật tư tiêu hao,Hãng SX: Anios/Pháp
VT210023,Dung dịch khử khuẩn mức độ cao Steranios 2%,Ml,Vật tư tiêu hao,Hãng SX: Anios/Pháp
NT0202,Dung dịch khử khuẩn mức độ cao Steranios 2%,Lít,Vật tư tiêu hao,Hãng SX: Anios
NT230084,Dung dịch khử khuẩn mức độ cao Steranios 2%,Ml,Vật tư tiêu hao,Hãng SX: Anios
TH0187,Dung dịch khử khuẩn mức độ cao Steranios 2%,Lít,Vật tư tiêu hao,Hãng SX: Pháp
NT230132,Dung dịch khử khuẩn mức độ cao STERANIOS 2%,Ml,Vật tư tiêu hao,Hãng SX: Anios/Pháp
TH0036,Dung dịch khử khuẩn nhanh bề mặt và dụng cụ y tế ( ASI - SPRAY),Chai,Vật tư tiêu hao,Hãng SX: Việt Nam
NT230096,Dung dịch khử khuẩn STERANIOS 2%,Ml,Vật tư tiêu hao,Hãng SX: Anios/Pháp
NT0203,Dung dịch khử nhanh bề mặt và dụng cụ y tế ( Asipray),Chai,Vật tư tiêu hao,Hãng SX: Việt Nam
VT095,"Dung dịch khử trùng dụng cụ (Dung dịch khử khuẩn mức độ cao, tiệt trùng lạnh) (ALKACIDE)",Lít,Vật tư tiêu hao,Hãng SX: Alkapharm/Pháp
VT0089,"Dung dịch khử trùng dụng cụ (Dung dịch khử khuẩn mức độ cao, tiệt trùng lạnh) (ALKACIDE)",Lít,Vật tư tiêu hao,Hãng SX: Alkapharm/Pháp
VT096,"Dung dịch ngâm tẩy rửa và khử nhiễm dụng cụ y tế Protease ezyme, didecyl dimethylamonium chLọride. (alkazyme)",Chai,Vật tư tiêu hao,Hãng SX: Alkapharm/Pháp
VT0090,"Dung dịch ngâm tẩy rửa và khử nhiễm dụng cụ y tế Protease ezyme, didecyl dimethylamonium chLọride. (alkazyme)",Chai,Vật tư tiêu hao,Hãng SX: Alkapharm/Pháp
VT0091,Dung dịch phun khử khuẩn bề mặt và dụng cụ y tế (ASI-SPRAY),Chai,Vật tư tiêu hao,Hãng SX: Asimec/Việt Nam
VT097,Dung dịch phun khử khuẩn bề mặt và dụng cụ y tế (ASI-SPRAY),Chai,Vật tư tiêu hao,Hãng SX: Asimec/Việt Nam
VT210019,Dung dịch phun khử nhanh bề mặt và dụng cụ y tế ASI-SPRAY,Ml,Vật tư tiêu hao,Hãng SX: Asimec/Việt Nam
VT389,"Dung dịch phun sương khử khuẩn Anios Special DJPSF ,Can/5 lít",Thùng,Vật tư tiêu hao,Hãng SX: France
NT0048,Dung dịch phun sương khử trùng bề mặt Aseptanios Terminal HPH 5L,Thùng,Vật tư tiêu hao,Hãng SX: Pháp
2020HC79,Dung dịch rửa Cleanac,Thùng,Hóa chất,
2021HC148,Dung dịch rửa Cleanac,Thùng,Hóa chất,
VT0315,Dung dịch rửa máy điện giải (Cleanning solution),Lọ,Vật tư tiêu hao,Hãng SX: Khac
VT230136,Dung dịch rửa tay phẫu thuật ALFASEPT CLEANSER PLUS,Ml,Vật tư tiêu hao,Hãng SX: Công ty cổ phần công nghệ Lavitec - Việt Nam
NT0042,"Dung dịch rửa tay sát khuẩn trong phẫu thuật, rửa tay thường quy: ALPHASEPT CLEANSER 2",Lít,Vật tư tiêu hao,Hãng SX: Việt Nam
VT210020,Dung dịch rửa tay thủ thuật Dermanios scrub chLọrhexidine 4%,Ml,Vật tư tiêu hao,Hãng SX: Pháp
TH0188,Dung dịch sát khuẩn dụng cụ (Cidezyme),Lít,Vật tư tiêu hao,Hãng SX: Johnson & Johnson/Mỹ
VT100,Dung dịch sát khuẩn dụng cụ y tế (Alkacide),Chai,Vật tư tiêu hao,Hãng SX: Alkapharm/Pháp
VT0094,Dung dịch sát khuẩn dụng cụ y tế (Alkacide),Chai,Vật tư tiêu hao,Hãng SX: Alkapharm/Pháp
VT101,Dung dịch sát khuẩn ngoài da ChLọhexidine Glucolate 2% ( Microshield 2 ChLọhexidine skin cleanser),Lọ,Vật tư tiêu hao,Hãng SX: Tân Hương/Việt Nam
VT0095,Dung dịch sát khuẩn ngoài da ChLọhexidine Glucolate 2% ( Microshield 2 ChLọhexidine skin cleanser),Lọ,Vật tư tiêu hao,Hãng SX: Tân Hương/Việt Nam
VT250004,"Dung dịch sát khuẩn nhanh, mức độ cao, tiệt trùng lạnh hoạt chất 0,55% ortho - Phthalaldehyde",Ml,Vật tư tiêu hao,Hãng SX: Systagenix Wound Management Limited/Anh - Anh
NT0086,"Dung dịch sát khuẩn tay Anios gel hồng, chai 500ml",Chai,Vật tư tiêu hao,Hãng SX: Anios
VT0096,Dung dịch sát khuẩn tay nhanh,Lọ,Vật tư tiêu hao,Hãng SX: Asimec/Việt Nam
VT102,Dung dịch sát khuẩn tay nhanh,Lọ,Vật tư tiêu hao,Hãng SX: Asimec/Việt Nam
VT260027,Dung dịch sát khuẩn tay nhanh,Chai,Vật tư tiêu hao,Hãng SX: Tân Hương | Nước SX: Việt Nam
NT0041,Dung dịch sát khuẩn tay nhanh ( dạng gel): Alfasept Handgel. Chai 500ml,Lít,Vật tư tiêu hao,Hãng SX: Việt Nam
NT0066,"Dung dịch sát khuẩn tay nhanh ( dạng gel); ALFASEPT CLEANSER, chai 500ml",Lít,Vật tư tiêu hao,Hãng SX: Việt Nam
NT0265,Dung dịch sát khuẩn tay nhanh ALFASEPT HANDGEL,Lít,Vật tư tiêu hao,Hãng SX: Việt Nam
NT210111,Dung dịch sát khuẩn tay nhanh ALFASEPT HANDGEL,Lít,Vật tư tiêu hao,Hãng SX: Lavitec/Việt Nam
NT210042,Dung dịch sát khuẩn tay nhanh ALFASEPT HANDRUB,Lít,Vật tư tiêu hao,Hãng SX: Lavitec/Việt Nam
VT210024,Dung dịch sát khuẩn tay nhanh ASIRUB,Ml,Vật tư tiêu hao,Hãng SX: Việt Nam
TH0038,Dung dịch sát khuẩn tay nhanh ASIRUB 500ml,Lọ,Vật tư tiêu hao,Hãng SX: Việt Nam
VT0093,Dung dịch sát khuẩn tay và tắm sát khuẩn 2% ChLọrhexidine Digluconate (ASI-KILL WASH - ChLọhexidine Gluxolate 2%),Lọ,Vật tư tiêu hao,Hãng SX: Asimec/Việt Nam
VT099,Dung dịch sát khuẩn tay và tắm sát khuẩn 2% ChLọrhexidine Digluconate (ASI-KILL WASH - ChLọhexidine Gluxolate 2%),Lọ,Vật tư tiêu hao,Hãng SX: Asimec/Việt Nam
VT103,Dung dịch sát trùng ống tủy (camphenol),Lọ,Vật tư tiêu hao,Hãng SX: Prevest DenPro/Ấn Độ
VT0097,Dung dịch sát trùng ống tủy (camphenol),Lọ,Vật tư tiêu hao,Hãng SX: Prevest DenPro/Ấn Độ
NT230095,Dung dịch tẩy rửa bề mặt dụng cụ 2258 Cidezyme enzymatic detergent,Ml,Vật tư tiêu hao,"Hãng SX: Weimann product,LLC/Mỹ"
VT210172,Dung dịch tẩy rửa bề mặt dụng cụ 2258 Cidezyme enzymatic detergent,Ml,Vật tư tiêu hao,Hãng SX: Mỹ
VT250014,Dung dịch tẩy rửa bề mặt dụng cụ 2258 Cidezyme enzymatic detergent,Ml,Vật tư tiêu hao,Hãng SX: PurposeBuilt Brands | Nước SX: Mỹ
VT210021,Dung dịch tẩy rửa bề mặt dụng cụ 2258 Cidezyme enzymatic detergent,Ml,Vật tư tiêu hao,Hãng SX: Mỹ
NT230131,Dung dịch tẩy rửa bề mặt dụng cụ Cidezyme,Ml,Vật tư tiêu hao,"Hãng SX: Weimann product,LLC/Mỹ"
VT230095,"Dung dịch tẩy rửa dụng cụ y tế enzyme CIDEZYME,1 LítER",Lít,Vật tư tiêu hao,Hãng SX: PurposseBuilt Brand
PL019,Đường phèn,Gam,Vật tư tiêu hao,
SX086,Đường phèn,Gam,Vật tư tiêu hao,
HC0176,Ecotergent c501/c502,Hộp,Hóa chất,
HC18121,Ecotergent c501/c502,Hộp,Hóa chất,
KN2020HC03,EE Borth Mossel,Chai,Hóa chất,
HC18048,"Elec Anti-HBc II, 100 tests",test,Hóa chất,
HC18046,"Elec Anti-HBs II, 100 tests",test,Hóa chất,
HC0115,ELEC FSH CALSET II,Hộp,Hóa chất,
HC18061,ELEC FSH CALSET II,Hộp,Hóa chất,
HC0068,Elec PreciControl Troponin,Hộp,Hóa chất,
HC18015,Elec PreciControl Troponin,Hộp,Hóa chất,
HC0055,ELEC TSH CALSET,Hộp,Hóa chất,
HC18002,ELEC TSH CALSET,Hộp,Hóa chất,
HC0128,ELECSYS DILUENT MULTI ASSAY,Hộp,Hóa chất,
HC18074,ELECSYS DILUENT MULTI ASSAY,Hộp,Hóa chất,
HC0066,Elecsys hs TnT (200 tests),test,Hóa chất,
HC18013,Elecsys hs TnT (200 tests),test,Hóa chất,
HC18014,Elecsys hs TnT Calset,Hộp,Hóa chất,
HC0067,Elecsys hs TnT Calset,Hộp,Hóa chất,
HC18057,Elecsys PreciControl®HIV,Hộp,Hóa chất,
HC0111,Elecsys PreciControl®HIV,Hộp,Hóa chất,
HC18066,ELECSYS PROLACTIN GEN,test,Hóa chất,
HC0120,ELECSYS PROLACTIN GEN,test,Hóa chất,
NT240005,"Eppendorf 1,5ml",Cái,Vật tư tiêu hao,Hãng SX: ZMC - TQ
HC0117,Estradiol G3 CS Elecsys,Hộp,Hóa chất,
HC18063,Estradiol G3 CS Elecsys,Hộp,Hóa chất,
HC18062,Estradiol G3 Elecsys e 100,test,Hóa chất,
HC0116,Estradiol G3 Elecsys e100,test,Hóa chất,
HC0158,"ETOH 100T COBASC, INTE",test,Hóa chất,
HC18104,"ETOH 100T COBASC, INTE",test,Hóa chất,
2021HC27,extendSURE HbA1c Liquid Controls,Hộp,Hóa chất,
2020HC34,extendSURE HbA1c Liquid Controls,Hộp,Hóa chất,
HC18037,FERRI RP GEN2 ELEC,test,Hóa chất,
HC0090,FERRI RP GEN2 ELEC,test,Hóa chất,
HC18181,Ferritin,Hộp,Hóa chất,
HC0039,Ferritin,Hộp,Hóa chất,
2020HC52,Ferritin,Hộp,Hóa chất,
2021HC45,Ferritin,Hộp,Hóa chất,
HC18038,FERRITIN CALSET,Hộp,Hóa chất,
HC0091,FERRITIN CALSET,Hộp,Hóa chất,
HC18035,FREE PSA CS GEN.2,Hộp,Hóa chất,
HC0088,FREE PSA CS GEN.2,Hộp,Hóa chất,
HC18034,FREE PSA GEN.2,test,Hóa chất,
HC0087,FREE PSA GEN.2,test,Hóa chất,
HC18060,"FSH ELECSYS,COBAS E",test,Hóa chất,
HC0114,"FSH ELECSYS,COBAS E",test,Hóa chất,
HC0058,FT3 G3 cobas e 200T,test,Hóa chất,
HC18005,FT3 G3 cobas e 200T,test,Hóa chất,
HC0059,FT3 G3 CS Elecsys,Hộp,Hóa chất,
HC18006,FT3 G3 CS Elecsys,Hộp,Hóa chất,
HC0060,FT4 G2 cobas e 200T,test,Hóa chất,
HC18007,FT4 G2 cobas e 200T,test,Hóa chất,
HC18008,FT4 G2 CS Elecsys,Hộp,Hóa chất,
HC0061,FT4 G2 CS Elecsys,Hộp,Hóa chất,
NT260001,"Fuchsin Carbon, 500ml/ Vn",Chai,Vật tư tiêu hao,Hãng SX: Việt Nam | Nước SX: Việt Nam
VT104,Gạc berberin 1% (các cỡ),Miếng,Vật tư tiêu hao,Hãng SX: Việt Nam
VT0098,Gạc berberin 1% (các cỡ),Miếng,Vật tư tiêu hao,Hãng SX: Việt Nam
VT230138,Gạc củ ấu,Miếng,Vật tư tiêu hao,Hãng SX: Công ty cổ phần Châu Ngọc Thạch
VT250020,Gạc củ ấu sản khoa,Cái,Vật tư tiêu hao,Hãng SX: Công ty TNHH Đầu tư và Thương mại An Lành | Nước SX: Việt Nam
VT210025,Gạc củ ấu sản khoa,Miếng,Vật tư tiêu hao,Hãng SX: Memco/Việt Nam
VT105,Gạc củ ấu sản khoa,Miếng,Vật tư tiêu hao,Hãng SX: Bảo Thạch/Việt Nam
VT0099,Gạc củ ấu sản khoa,Miếng,Vật tư tiêu hao,Hãng SX: Bảo Thạch/Việt Nam
TH0246,Gạc củ ấu sản khoa Bảo Thạch,Miếng,Vật tư tiêu hao,Hãng SX: Việt Nam
VT230009,Gạc hút y tế,Mét,Vật tư tiêu hao,Hãng SX: Công ty TNHH Vật tư y tế Lộc Luyến - Việt Nam
NT260018,"Gạc hút y tế (khổ 0,8m)",Mét,Vật tư tiêu hao,Hãng SX: An Lành | Nước SX: Việt Nam
VT260071,Gạc mét,Mét,Vật tư tiêu hao,Hãng SX: An Lành/ Việt Nam | Nước SX: Việt Nam
TH0216,"Gạc mét ( 0,8m x 100m)",Mét,Vật tư tiêu hao,Hãng SX: Việt Nam
VT210026,Gạc mét khổ 0.8mx100m,Mét,Vật tư tiêu hao,Hãng SX: An Lành/Việt Nam
VT210174,Gạc mét khổ 0.8x100m,Mét,Vật tư tiêu hao,Hãng SX: An Lành/Việt Nam
VT106,Gạc mét khổ rộng 80cm,Mét,Vật tư tiêu hao,Hãng SX: Bạch Tuyết/Việt Nam
VT0100,Gạc mét khổ rộng 80cm,Mét,Vật tư tiêu hao,Hãng SX: Bạch Tuyết/Việt Nam
NT260009,Gạc phẫu thuật,Miếng,Vật tư tiêu hao,Hãng SX: An Lành | Nước SX: Việt Nam
NT260025,Gạc phẫu thuật 10cmx 10cmx 12 lớp tiệt trùng,Miếng,Vật tư tiêu hao,Hãng SX: An Lành | Nước SX: Việt Nam
VT0019,Gạc phẫu thuật 10cmx10cmx12 lớp tiệt trùng,Miếng,Vật tư tiêu hao,Hãng SX: Công ty TNHH thiết bị y tế Damedco
VT230008,Gạc phẫu thuật 10cmx10cmx12 lớp tiệt trùng,Miếng,Vật tư tiêu hao,Hãng SX: Công ty TNHH thiết bị y tế Damedco
TH0219,Gạc phẫu thuật 6cm x 10cm x 12 lớp,Miếng,Vật tư tiêu hao,Hãng SX: Memco/Việt Nam
VT0020,Gạc phẫu thuật 8cmx10cmx12 lớp tiệt trùng,Miếng,Vật tư tiêu hao,Hãng SX: Công ty TNHH thiết bị y tế Damedco
VT230035,Gạc phẫu thuật 8cmx10cmx12 lớp tiệt trùng,Miếng,Vật tư tiêu hao,Hãng SX: Công ty TNHH thiết bị y tế Damedco
VT210161,Gạc phẫu thuật tiệt trùng (10cmx10cmx12 lớp),Miếng,Vật tư tiêu hao,Hãng SX: Memco/Việt Nam
VT210027,Gạc phẫu thuật tiệt trùng (10cmx10cmx12 lớp),Miếng,Vật tư tiêu hao,Hãng SX: Memco/Việt Nam
VT108,Gạc vaselin (các cỡ),Miếng,Vật tư tiêu hao,Hãng SX: Mi Lọ Pha - Việt Nam
VT0102,Gạc vaselin (các cỡ),Miếng,Vật tư tiêu hao,Hãng SX: Mi Lọ Pha/Việt Nam
VT0101,Gạc y tế tiệt trùng 8cm x 10cm x 12 lớp,Miếng,Vật tư tiêu hao,Hãng SX: Bảo Thạch/Việt Nam
VT107,Gạc y tế tiệt trùng 8cm x 10cm x 12 lớp,Miếng,Vật tư tiêu hao,Hãng SX: Bảo Thạch/Việt Nam
VT0103,Gạc y tế tiệt trùng cỡ 20cm x 20cm,Gói,Vật tư tiêu hao,Hãng SX: Bảo Thạch/Việt Nam
VT109,Gạc y tế tiệt trùng cỡ 20cm x 20cm,Gói,Vật tư tiêu hao,Hãng SX: Bảo Thạch/Việt Nam
VT210162,Gạc y tế tiệt trùng(8cmx10cmx12 lớp),Miếng,Vật tư tiêu hao,Hãng SX: Memco/Việt Nam
VT210158,Găng kiểm tra,Đôi,Vật tư tiêu hao,Hãng SX: Merufa
TH0026,Găng kiểm tra,Đôi,Vật tư tiêu hao,Hãng SX: Merufa
VT210031,Găng kiểm tra,Đôi,Vật tư tiêu hao,Hãng SX: Merufa
NT230145,Găng phẫu thuật,Đôi,Vật tư tiêu hao,Hãng SX: Merufa
NT240019,Găng phẫu thuật tiệt trùng,Đôi,Vật tư tiêu hao,Hãng SX: Merufa
NT210024,Găng tay cao su Lọại dài size L,Đôi,Vật tư tiêu hao,Hãng SX: Việt Nam
NT0155,Găng tay cao su y tế,Đôi,Vật tư tiêu hao,Hãng SX: Malaysia
VT230098,Găng tay cao su y tế,Đôi,Vật tư tiêu hao,Hãng SX: Sri Trang - thái lan
VT0104,Găng tay cao su y tế các cỡ,Đôi,Vật tư tiêu hao,Hãng SX: Topcare/Malaysia
VT110,Găng tay cao su y tế các cỡ,Đôi,Vật tư tiêu hao,Hãng SX: Topcare /Malaysia
VT210030,Găng tay cao su y tế các cỡ ( có bột),Đôi,Vật tư tiêu hao,Hãng SX: Sri Trang
VT210146,Găng tay cao su y tế các cỡ (có bột),Đôi,Vật tư tiêu hao,Hãng SX: Sri Trang
NT230171,Găng tay cao su y tế có bột Sri Trang,Đôi,Vật tư tiêu hao,Hãng SX: Sri Trang
TH0025,Găng tay cao su y tế Medtex Normal,Đôi,Vật tư tiêu hao,Hãng SX: TOPGLọVE
NT0229,Găng tay cao su y tế Merufa,Đôi,Vật tư tiêu hao,Hãng SX: Việt Nam
NT0308,Găng tay không bột (VgLọve/Việt Nam),Đôi,Vật tư tiêu hao,Hãng SX: Việt Nam
NT230129,Găng tay kiểm tra,Đôi,Vật tư tiêu hao,Hãng SX: Sri Trang
NT230114,Găng tay kiểm tra,Đôi,Vật tư tiêu hao,Hãng SX: Sri Trang
VT260058,"Găng tay latex phẫu thuật tiệt trùng, có bột các số",Đôi,Vật tư tiêu hao,Hãng SX: Công ty CP Merufa/ Việt Nam | Nước SX: Việt Nam
VT210169,Găng tay phẫu thuật,Đôi,Vật tư tiêu hao,Hãng SX: Merufa
TH0212,Găng tay phẫu thuật,Đôi,Vật tư tiêu hao,Hãng SX: Merufa
VT210032,Găng tay phẫu thuật,Đôi,Vật tư tiêu hao,Hãng SX: Merufa
VT250024,Găng tay phẫu thuật,Đôi,Vật tư tiêu hao,Hãng SX: Công ty cổ phần Merufa | Nước SX: Việt Nam
VT111,"Găng tay phẫu thuật số 7-7,5",Đôi,Vật tư tiêu hao,Hãng SX: Cimax/ Malaysia
VT0105,"Găng tay phẫu thuật số 7-7,5",Đôi,Vật tư tiêu hao,Hãng SX: Cimax/Malaysia
NT210070,Găng tay phẫu thuật tiệt trùng,Đôi,Vật tư tiêu hao,Hãng SX: Việt Nam
VT210033,Găng tay phẫu thuật tiệt trùng các cỡ,Đôi,Vật tư tiêu hao,Hãng SX: TOPGLọVE
VT305,Găng tay thường,Đôi,Vật tư tiêu hao,Hãng SX: Khac
NT0165,"Găng tay VGLọve ( Công ty cổ phần VRG Khải Hoàn/ Việt Nam), 50 đôi/hộp",Đôi,Vật tư tiêu hao,Hãng SX: Việt Nam
NT0294,Găng tay vô khuẩn,Đôi,Vật tư tiêu hao,Hãng SX: Malaysia
NT0241,Găng tay y tế tiệt trùng,Đôi,Vật tư tiêu hao,Hãng SX: Malaysia
NT0043,Găng tay y tế tiệt trùng,Đôi,Vật tư tiêu hao,Hãng SX: Merufa
NT0075,Găng tay y tế Topcare GLọve,Đôi,Vật tư tiêu hao,Hãng SX: Malaysia
VT369,Gel anios 500ml(Dermanios scrub chLọrhexidine 4%),Chai,Vật tư tiêu hao,Hãng SX: Pháp
NT240053,Gel bôi trơn,Tuýp,Vật tư tiêu hao,Hãng SX: Merufa
VT210083,Gel bôi trơn,Tuýp,Vật tư tiêu hao,Hãng SX: Turkuaz/Thổ Nhĩ Kỳ
VT230077,Gel bôi trơn,Tuýp,Vật tư tiêu hao,"Hãng SX: Turkuaz Medical,Kozmetik ve Distic.Ltd Sti;Thổ Nhĩ Kỳ"
VT0106,Gel bôi trơn K-Y,Tuýp,Vật tư tiêu hao,Hãng SX: Johnson and Johnson/Pháp
VT112,Gel bôi trơn K-Y,Tuýp,Vật tư tiêu hao,Hãng SX: Johnson and Johnson/ Pháp
TH0011,Gel bôi trơn K - Y tuýp 82g,Tuýp,Vật tư tiêu hao,Hãng SX: Johnson & Johnson
TH0224,Gel bôi trơn K - Y Tuýp 82g,Tuýp,Vật tư tiêu hao,Hãng SX: Johnson and Johnson/ Pháp
VT250005,Gel bôi trơn tiệt trùng,Tup,Vật tư tiêu hao,Hãng SX: TURKUAZ SAGLIK HIZMETLERI MEDICAL TEMIZLIK KIMYASAL URUNLER - thổ nhĩ kỳ
NT25001,Gel điện tim,Tuýp,Vật tư tiêu hao,Hãng SX: Namsheng | Nước SX: trung quốc
VT250006,Gel điện tim,Tup,Vật tư tiêu hao,Hãng SX: TURKUAZ SAGLIK HIZMETLERI MEDICAL TEMIZLIK KIMYASAL URUNLER - thổ nhĩ kỳ
TH0217,Gel điện tim,Tuýp,Vật tư tiêu hao,Hãng SX: Việt Nam
VT230048,Gel điện tim,Tuýp,Vật tư tiêu hao,"Hãng SX: Turkuaz Medical,Kozmetik ve Distic.Ltd Sti;Thổ Nhĩ Kỳ"
NT0244,Gel điện tim,Tuýp,Vật tư tiêu hao,Hãng SX: Việt Nam
NT210102,Gel điện tim 250ml,Tuýp,Vật tư tiêu hao,Hãng SX: An Phú/Việt Nam
NT0015,Gel rửa tay khô Handwash gel,Lít,Vật tư tiêu hao,Hãng SX: Việt Nam
VT250015,Gel sát khuẩn tay dùng trong gia dụng và y tế ALFASEPT PURE GEL,Ml,Vật tư tiêu hao,Hãng SX: Công ty cổ phần công nghệ Lavitec | Nước SX: Việt Nam
VT098,Gel sát khuẩn tay nhanh (ASI_HANDGEL),Lọ,Vật tư tiêu hao,Hãng SX: Asimec/Việt Nam
VT0092,Gel sát khuẩn tay nhanh (ASI_HANDGEL),Lọ,Vật tư tiêu hao,Hãng SX: Asimec/Việt Nam
VT210034,Gel sát khuẩn tay nhanh ASI HANDGEL,Ml,Vật tư tiêu hao,Hãng SX: Việt Nam
TH0037,Gel sát khuẩn tay nhanh ASI HANDGEL 500ml,Chai,Vật tư tiêu hao,Hãng SX: Việt Nam
VT0107,Gel siêu âm,Thùng,Vật tư tiêu hao,Hãng SX: StarcLọc/Việt nam
VT210175,Gel siêu âm,Ml,Vật tư tiêu hao,Hãng SX: Merufa
HD020013,Gel siêu âm,Ml,Vật tư tiêu hao,Hãng SX: Canada | Nước SX: Canada
VT230049,Gel siêu âm,Thùng,Vật tư tiêu hao,"Hãng SX: Turkuaz Medical,Kozmetik ve Distic.Ltd Sti;Thổ Nhĩ Kỳ - thổ nhĩ kỳ"
VT210035,Gel siêu âm,Ml,Vật tư tiêu hao,Hãng SX: Merufa
VT250065,Gel siêu âm,Ml,Vật tư tiêu hao,Hãng SX: Turkuaz | Nước SX: Thổ Nhĩ Kỳ
VT0311,Gel siêu âm,Lít,Vật tư tiêu hao,Hãng SX: Khac
VT113,Gel siêu âm,Thùng,Vật tư tiêu hao,Hãng SX: StarcLọc – Hàn quốc/SX tại Việt nam
TH0027,Gel siêu âm,Lít,Vật tư tiêu hao,Hãng SX: Merufa
NT220122,Gel siêu âm - Canada,Thung,Vật tư tiêu hao,"Hãng SX: National Thẻrapy Products, Inc-Canada"
NT230052,Gel siêu âm Wavelength-Can/5l,Ml,Vật tư tiêu hao,"Hãng SX: National Thẻrapy Products, Inc-Canada"
NT260002,"Gential Violet, 500ml/ Vn",Chai,Vật tư tiêu hao,Hãng SX: Việt Nam | Nước SX: Việt Nam
HC18157,GGT,Hộp,Hóa chất,
2020HC30,GGT,Hộp,Hóa chất,
HC0017,GGT,Hộp,Hóa chất,
2021HC23,GGT,Hộp,Hóa chất,
HC0153,GGT G2-400T COBAS C/INTEGRA,test,Hóa chất,
TBYT011,Ghế đẩy xoay Inox 201 Lọại 201 Lọại 4 chân VN,Chiếc,Thiết bị y tế,Hãng SX: Việt Nam
NT230188,Ghế xoay,Cái,Dụng cụ y tế,Hãng SX: Hải Hà
NT220005,Ghế xoay Inox 201,Chiếc,Dụng cụ y tế,Hãng SX: Việt Nam
NT230108,Ghế xoay Inox 201(3 chân),Chiếc,Thiết bị y tế,Hãng SX: 3A/Việt Nam
NT210074,Giá đỡ cassette lưu động inox 201,Cái,Dụng cụ y tế,Hãng SX: Việt Nam
NT0099,Giá đựng ống nghiệm inox 304 50 lỗ KT16/18mm,Chiếc,Dụng cụ y tế,Hãng SX: Việt Nam
NT0228,"Giá treo Micropipette, Lọại dạng tròn Dlab",Chiếc,Dụng cụ y tế,Hãng SX: Trung Quốc
VT230140,Giấy bản cỡ 40 cm x 30 cm / 30 cm x30 cm,Túi,Vật tư tiêu hao,Hãng SX: New oceam/Việt nam - Việt Nam
VT0108,Giấy bản cỡ 40cm x 25cm,Kg,Vật tư tiêu hao,Hãng SX: Demi/Việt Nam
VT114,Giấy bản cỡ 40cm x 25cm,Kg,Vật tư tiêu hao,Hãng SX: Demi/Việt Nam
VT210128,Giấy bản cỡ 40cmx30cm/30cmx30cm,Túi,Vật tư tiêu hao,Hãng SX: Bích Thảo/Việt Nam
TH0240,Giấy đánh chất hàn GC MIXING PADS & GC FUJI SPATULA,TỜ,Vật tư tiêu hao,Hãng SX: Nhật Bản
NT220113,Giấy điện tim 6 cần,Tap,Vật tư tiêu hao,Hãng SX: Telepaper/ Malaysia
VT210165,Giấy điện tim 6 cần,Tap,Vật tư tiêu hao,Hãng SX: Malaysia
VT210036,Giấy điện tim 6 cần,Tap,Vật tư tiêu hao,Hãng SX: Malaysia
TH0024,Giấy điện tim 6 cần,Tap,Vật tư tiêu hao,Hãng SX: Malaysia
HD02008,Giấy điện tim 6 cần,Tập,Vật tư tiêu hao,
VT0109,Giấy điện tim 6 cần 110 x 140mm,Tap,Vật tư tiêu hao,Hãng SX: Nihokonden/Malaysia
VT115,Giấy điện tim 6 cần 110 x 140mm,Tap,Vật tư tiêu hao,Hãng SX: Nihokonden/Malaysia
NT240008,Giấy điện tim 6 cần tập 110mm x 140mm,Tap,Vật tư tiêu hao,Hãng SX: Telepaper/ Malaysia
NT210100,Giấy định nhóm máu,Cái,Vật tư tiêu hao,Hãng SX: Việt Nam
VT250066,Giấy ghi điện tâm đồ 6 cần tập không dòng kẻ,Tập,Vật tư tiêu hao,Hãng SX: Telepaper | Nước SX: Malaysia
VT230045,Giấy ghi điện tâm đồ 6 cần tập không dòng kẻ,Tap,Vật tư tiêu hao,Hãng SX: Telepaper/ Malaysia
VT116,Giấy in ảnh màu 100 x 148mm,Hộp,Vật tư tiêu hao,Hãng SX: Defami/Đức
VT0110,Giấy in ảnh màu 100 x 148mm,Cuộn,Vật tư tiêu hao,Hãng SX: Defami/Đức
NT0091,Giấy in dùng cho máy đo chức năng hô hấp,Cuộn,Vật tư tiêu hao,Hãng SX: Italy
VT117,Giấy in liên tục 3000 tờ (chia 2),Hộp,Vật tư tiêu hao,Hãng SX: Liên Sơn/Việt Nam
VT0111,Giấy in liên tục 3000 tờ (chia 2),Hộp,Vật tư tiêu hao,Hãng SX: Liên Sơn/Việt Nam
NT240055,Giấy in mã vạch 1 tem,Cuộn,Vật tư tiêu hao,Hãng SX: Việt Nam
NT230031,Giấy in mã vạch 3 tem(35x22x50m),Cuộn,Vật tư tiêu hao,Hãng SX: Việt Nam
NT0260,Giấy in màu máy siêu âm UPC-21S,Hộp,Vật tư tiêu hao,Hãng SX: Sony/Nhật Bản
NT210030,Giấy in màu máy siêu âm UPC-21S,Hộp,Vật tư tiêu hao,Hãng SX: Sony/Nhật Bản
VT118,Giấy in màu máy siêu âm UPC-21S,Hộp,Vật tư tiêu hao,Hãng SX: Sony/Nhật Bản
VT0112,Giấy in màu máy siêu âm UPC-21S,Hộp,Vật tư tiêu hao,Hãng SX: Sony/Nhật Bản
NT0224,Giấy in máy khí máu Hải Anh/VN,Cuộn,Vật tư tiêu hao,Hãng SX: Việt Nam
VT230055,Giấy in nhiệt (giấy in cho máy thử nước tiểu),Cuộn,Vật tư tiêu hao,Hãng SX: Telepaper/Malaysia
VT260008,Giấy in nhiệt (giấy in cho máy thử nước tiểu),Cuộn,Vật tư tiêu hao,Hãng SX: Telepaper | Nước SX: Malaysia
NT240009,Giấy in nhiệt CT100 58mm x 30m,Cuộn,Vật tư tiêu hao,Hãng SX: Hải Anh - Việt Nam - Việt Nam
NT230022,Giấy in nhiệt K58,Cuộn,Vật tư tiêu hao,Hãng SX: Hải Anh - Việt Nam
NT0258,Giấy in nhiệt K58,Cuộn,Vật tư tiêu hao,Hãng SX: Sony/Nhật Bản
VT119,Giấy in nhiệt máy nước tiểu 58mm,Cuộn,Vật tư tiêu hao,Hãng SX: CT 100 /Malaysia
VT0113,Giấy in nhiệt máy nước tiểu 58mm,Cuộn,Vật tư tiêu hao,Hãng SX: CT 100/Malaysia
NT0169,Giấy in nhiệt máy nước tiểu 58mm HSX: CT100,Cuộn,Vật tư tiêu hao,Hãng SX: Việt Nam
VT230038,Giấy in siêu âm đen trắng,Cuộn,Vật tư tiêu hao,Hãng SX: Zeit/Hàn Quốc
VT250064,Giấy in siêu âm đen trắng,Cuộn,Vật tư tiêu hao,Hãng SX: Ziet | Nước SX: Hàn Quốc
NT210031,Giấy in vi tính liên tục 1 liên chia 2,Cuộn,Vật tư tiêu hao,Hãng SX: Việt Nam
NT0003,Giấy lau miệng,Kg,Vật tư tiêu hao,Hãng SX: Việt Nam
VT311,Giấy lau miệng,Túi,Vật tư tiêu hao,Hãng SX: Việt Nam
VT120,Giấy siêu âm (giấy ảnh) 110mm x 20m,Cuộn,Vật tư tiêu hao,Hãng SX: Sony/Nhật Bản
VT0114,Giấy siêu âm (giấy ảnh) 110mm x 20m,Cuộn,Vật tư tiêu hao,Hãng SX: Sony/Nhật Bản
TH0202,Giấy siêu âm đen trắng,Cuộn,Vật tư tiêu hao,Hãng SX: Nhật Bản
VT250007,Giấy siêu âm đen trắng,Cuộn,Vật tư tiêu hao,Hãng SX: Sony/Nhật Bản - Nhật Bản
HD020012,Giấy siêu âm đen trắng,Cuộn,Vật tư tiêu hao,Hãng SX: Ziet | Nước SX: Hàn Quốc
NT0211,Giấy siêu âm đen trắng ( UPP - 110S),Cuộn,Vật tư tiêu hao,Hãng SX: Sony/Nhật Bản
NT210029,Giấy siêu âm đen trắng (UPP-110S),Cuộn,Vật tư tiêu hao,Hãng SX: Sony/Nhật Bản
NT0257,Giấy siêu âm đen trắng (UPP - 110S),Cuộn,Vật tư tiêu hao,Hãng SX: Sony/Nhật Bản
VT210125,Giấy siêu âm đen trắng(UPP110S),Cuộn,Vật tư tiêu hao,Hãng SX: Sony/Nhật Bản
VT230060,Giấy tẩm chất thử (chỉ thị hóa học)dùng cho máy tiệt khuẩn dụng cụ y tế bằng hơi nước,Miếng,Vật tư tiêu hao,Hãng SX: 3M/Mỹ
VT230072,Giấy tẩm chất thử(chỉ thị hóa học)dùng cho máy tiệt khuẩn dụng cụ y tế bằng hơi nước,Miếng,Vật tư tiêu hao,Hãng SX: 3M/Mỹ
2020HC90,Giêm sa,Chai,Hóa chất,
HC18216,Giêm sa,Chai,Hóa chất,
Nt260005,"Giemsa, 500ml/Vn",Chai,Vật tư tiêu hao,Hãng SX: Việt Nam | Nước SX: Việt Nam
NT0113,Giường bệnh nhân inox SUS 201,Chiếc,Thiết bị y tế,Hãng SX: Armephaco
NT0083,Giường châm cứu massage gỗ (VN) - gỗ thông KT:180x70x70cm,Chiếc,Thiết bị y tế,Hãng SX: Việt Nam
NT220107,Giường xoa bóp có lỗ và đệm,Chiếc,Thiết bị y tế,Hãng SX: Việt Nam
NT220027,Giường xoa bóp gỗ có lỗ và đệm (KT: 180cmx70cmx70cm),Cái,Thiết bị y tế,Hãng SX: Việt Nam
NT230068,Giường xoa bóp gỗ có lỗ và đệm(dài 180cmx70cmx70cm),Bộ,Thiết bị y tế,Hãng SX: Việt Nam
NT220067,Giường xoa bóp gỗ có lỗ và đệm(KT: 180cm x 70cm X70cm),Cái,Thiết bị y tế,Hãng SX: Việt Nam
NT210093,Giường y tế điều khiển bằng điện. Model: KFE 1. NSX: Cộng hòa Belarus,Chiếc,Vật tư tiêu hao,
HC18086,GLUC HK G3. 800T COBAS C,test,Hóa chất,
HC0140,GLUC HK G3. 800T COBAS C,test,Hóa chất,
HC0018,Glucose,Hộp,Hóa chất,
2020HC31,Glucose,Hộp,Hóa chất,
HC18158,Glucose,Hộp,Hóa chất,
2021HC24,Glucose,Hộp,Hóa chất,
NT0289,"Gouta số 20,25,30",Hộp,Dụng cụ y tế,Hãng SX: Hàn Quốc
VTYT055,Gương soi nha khoa,Chiếc,Dụng cụ y tế,Hãng SX: Pakistan
HC18159,HbA1c,Hộp,Hóa chất,
HC0019,HbA1c,Hộp,Hóa chất,
2021HC25,HbA1c,Hộp,Hóa chất,
2020HC32,HbA1c,Hộp,Hóa chất,
HC18110,HBA1C HAEMOLYZING COBAS C,Hộp,Hóa chất,
HC0165,HBA1C HAEMOLYZING COBAS C,Hộp,Hóa chất,
HC0021,HbA1c Liquid Control,Hộp,Hóa chất,
HC18161,HbA1c Liquid Control,Hộp,Hóa chất,
HC0155,HbA1c TQ Gen.3 150T cobas,test,Hóa chất,
HC18101,HbA1c TQ Gen.3 150T cobas,test,Hóa chất,
2020HC101,HBeAb,test,Hóa chất,
2021HC162,HBeAb,test,Hóa chất,
HC18227,HBeAb,test,Hóa chất,
2020HC100,HBeAg,test,Hóa chất,
2021HC161,HBeAg,test,Hóa chất,
HC18226,HBeAg,test,Hóa chất,
HC18052,HBEAG ELECSYS KIT,test,Hóa chất,
HC0106,HBEAG ELECSYS KIT,test,Hóa chất,
2020HC91,HbsAg,test,Hóa chất,
HC18217,HbsAg,test,Hóa chất,
HC0219,HbsAg,test,Hóa chất,
HC18225,HBsAg,test,Hóa chất,
HC0200,HBsAg,test,Hóa chất,
2020HC99,HBsAg,test,Hóa chất,
2021HC160,HBsAg,test,Hóa chất,
HC18043,HBSAG 2 ELEC,test,Hóa chất,
HC0097,HBSAG 2 ELEC,test,Hóa chất,
HC0099,HBsAg II quant,test,Hóa chất,
HC18045,HBsAg II quant II 100 tests,test,Hóa chất,
2021HC159,HbsAg test nhanh,test,Hóa chất,
2020HC98,HbsAg test nhanh,test,Hóa chất,
HC18224,HbsAg test nhanh,test,Hóa chất,
HC0125,HCG +BETA II CS ELEC,Hộp,Hóa chất,
HC18071,HCG+BETA II CS ELEC,Hộp,Hóa chất,
HC18070,HCG+BETA II RP ELEC,test,Hóa chất,
HC0124,HCG+BETA II RP ELEC,test,Hóa chất,
HC0023,HDL- cholesterol,Hộp,Hóa chất,
HC0022,HDL- Cholesterol Calibrator,Hộp,Hóa chất,
HC18083,"HDL-C G3, 200 COBASC/INTEGR",test,Hóa chất,
HC0137,"HDL-C G3, 200 COBASC/INTEGR",test,Hóa chất,
HC18163,HDL-cholesterol,Hộp,Hóa chất,
2021HC29,HDL-Cholesterol,Hộp,Hóa chất,
2020HC36,HDL-Cholesterol,Hộp,Hóa chất,
HC18162,HDL-Cholesterol Calibrator,Hộp,Hóa chất,
2021HC28,HDL-Cholesterol Calibrator,Hộp,Hóa chất,
2020HC35,HDL-Cholesterol Calibrator,Hộp,Hóa chất,
HC18164,HDL/LDL-Cholesterol control serum,Hộp,Hóa chất,
2021HC30,HDL/LDL-Cholesterol control serum,Hộp,Hóa chất,
2020HC37,HDL/LDL-Cholesterol control serum,Hộp,Hóa chất,
HC0024,HDL/LDL-Cholesterol control serum,Hộp,Hóa chất,
2021HC26,Hemolyzing Reagent,Hộp,Hóa chất,
2020HC33,Hemolyzing Reagent,Hộp,Hóa chất,
2020HC92,HIV,test,Hóa chất,
2021HC157,HIV,test,Hóa chất,
HC18218,HIV,test,Hóa chất,
HC0208,HIV,test,Hóa chất,
HC0110,HIV combi PT,test,Hóa chất,
HC18056,HIV combi PT,test,Hóa chất,
VT121,Hỗn dịch bari susp,Gói,Vật tư tiêu hao,Hãng SX: Việt Nam
VT0115,Hỗn dịch bari susp,Gói,Vật tư tiêu hao,Hãng SX: Việt Nam
2024QDHCM,Hồng cầu mẫu,Hộp,Hóa chất,
2025HCM,Hồng cầu mẫu,Hộp,Hóa chất,
2020HC93,Hồng cầu mẫu A,Lọ,Hóa chất,
HC18219,Hồng cầu mẫu A,Lọ,Hóa chất,
HC0217,Hồng cầu mẫu A,Lọ,Hóa chất,
HC18220,Hồng cầu mẫu B,Lọ,Hóa chất,
HC,Hồng cầu mẫu B,Lọ,Hóa chất,
2020HC94,Hồng cầu mẫu B,Lọ,Hóa chất,
HC0218,Hồng cầu mẫu B,Lọ,Hóa chất,
NT0236,Hộp bảo quản vacxin chuyên dụng ( dung tích 18L) xuất xứ Trung Quốc,Cái,Thiết bị y tế,Hãng SX: Trung Quốc
NT210036,Hộp chia thuốc cho bệnh nhân-VN,Chiếc,Dụng cụ y tế,Hãng SX: Việt Nam
NT230104,Hộp chống sốc,Cái,Dụng cụ y tế,Hãng SX: Việt Nam
VT122,Hộp chống sốc có ô,Chiếc,Vật tư tiêu hao,Hãng SX: Inox/Việt Nam
VT0116,Hộp chống sốc có ô,Chiếc,Vật tư tiêu hao,Hãng SX: Inox/Việt Nam
VT123,Hộp đựng bông cồn,Chiếc,Vật tư tiêu hao,Hãng SX: Trường Thịnh/Việt Nam
VT0117,Hộp đựng bông cồn,Chiếc,Vật tư tiêu hao,Hãng SX: Trường Thịnh/Việt Nam
NT230025,Hộp đựng bông cồn-Việt Nam,Cái,Dụng cụ y tế,Hãng SX: Việt Nam
NT220019,Hộp đựng bông cồn F8,Chiếc,Dụng cụ y tế,Hãng SX: Pakistan
NT210083,Hộp đựng bông cồn/Việt Nam,Cái,Dụng cụ y tế,Hãng SX: Công ty TNHH MTV Thiết bị y tế 130 Armephaco/Việt Nam
NT0140,Hộp đựng dụng cụ 10 x 20 x 4cm,Cái,Dụng cụ y tế,Hãng SX: Việt Nam
NT0168,Hộp đựng dụng cụ Inox (KT: 30x18x10 cm),Chiếc,Dụng cụ y tế,Hãng SX: Việt Nam
NT220103,Hộp đựng dụng cụ thay băng,Cái,Dụng cụ y tế,Hãng SX: Toklais / Pakistan
NT220102,Hộp đựng dụng cụ tiểu phẫu,Cái,Dụng cụ y tế,Hãng SX: Toklais / Pakistan
NT210049,Hộp đựng mẫu nhựa KT: 22x32.5x18cm,Chiếc,Dụng cụ y tế,Hãng SX: Vietland/Thái Lan
NT210048,Hộp đựng mẫu nhựa KT:26x18x14cm,Chiếc,Dụng cụ y tế,Hãng SX: Việt Nam
NT220082,"Hộp đựng mẫu nhựa(22x32,5x18cm)",Chiếc,Dụng cụ y tế,Hãng SX: Vietland/Thái Lan
NT220083,Hộp đựng mẫu nhựa(26x18x14cm),Chiếc,Dụng cụ y tế,Hãng SX: Việt Nhật/Việt Nam
NT230027,Hộp đựng thuốc,Hộp,Dụng cụ y tế,Hãng SX: Việt Nam
NT210013,Hộp đựng vật sắc nhọn,Chiếc,Vật tư tiêu hao,Hãng SX: Đức An/ Việt Nam
NT210066,Hộp đựng vật sắc nhọn,Cái,Vật tư tiêu hao,Hãng SX: Đức An/ Việt Nam
NT230070,Hộp đựng vật sắc nhọn,Cái,Vật tư tiêu hao,Hãng SX: Đức An/ Việt Nam
NT210020,Hộp đựng vật sắc nhọn,Chiếc,Vật tư tiêu hao,Hãng SX: Đức An/ Việt Nam
NT210104,Hộp đựng vật sắc nhọn 1.5L,Chiếc,Vật tư tiêu hao,Hãng SX: Đức An/ Việt Nam
NT230017,Hộp đựng vật sắc nhọn bằng nhựa,Cái,Vật tư tiêu hao,Hãng SX: Việt Nam
VT124,"Hộp đựng vật sắc nhọn Lọại 1,5 lít",Chiếc,Vật tư tiêu hao,Hãng SX: Inox/Việt Nam
VT0118,"Hộp đựng vật sắc nhọn Lọại 1,5 lít",Chiếc,Vật tư tiêu hao,Hãng SX: Inox/Việt Nam
TH0006,"Hộp đựng vật sắc nhọn Lọại 1,5l",Chiếc,Vật tư tiêu hao,Hãng SX: Việt Nam
NT0259,"Hộp đựng vật sắc nhọn Lọại 1,5l",Chiếc,Vật tư tiêu hao,Hãng SX: Việt Nam
NT210089,"Hộp đựng vật sắc nhọn to inox, KT:D160xR100xC310/Việt Nam",Cái,Dụng cụ y tế,Hãng SX: Công ty TNHH MTV Thiết bị y tế 130 Armephaco/Việt Nam
NT0057,Hộp hấp 17 ( VN ),Chiếc,Dụng cụ y tế,Hãng SX: Việt Nam
NT0058,Hộp hấp 20 ( VN ),Chiếc,Dụng cụ y tế,Hãng SX: Việt Nam
NT0082,Hộp hấp có lỗ xông sườn Inox 201 (VN),Chiếc,Dụng cụ y tế,Hãng SX: Việt Nam
NT0185,Hộp hấp dụng cụ phi 20,Chiếc,Dụng cụ y tế,Hãng SX: Việt Nam
DCYT018,Hộp hấp Inox Lọại có lỗ xông sườn (Kt:160x240x50mm) VN,Chiếc,Dụng cụ y tế,Hãng SX: Việt Nam
DCYT10,Hộp hấp Inox phi 20cm,Chiếc,Dụng cụ y tế,Hãng SX: Việt Nam
NT210088,Hộp hấp nhỏ đường kính 24cm/Việt Nam,Cái,Dụng cụ y tế,Hãng SX: Công ty TNHH MTV Thiết bị y tế 130 Armephaco/Việt Nam
NT210087,Hộp hấp to đường kính 36cm/Việt Nam,Cái,Dụng cụ y tế,Hãng SX: Công ty TNHH MTV Thiết bị y tế 130 Armephaco/Việt Nam
NT220052,Hộp Inox 30x20x5cm,Cái,Dụng cụ y tế,Hãng SX: Prime/Pakistan
VT230026,Hộp kháng thùng,Chiếc,Vật tư tiêu hao,Hãng SX: Công ty cổ phần Đức An - Việt Nam
NT0175,Hộp kháng thủng,Chiếc,Vật tư tiêu hao,Hãng SX: Việt Nam
NT0105,Hộp thuốc cấp cứu chống sốc ( bằng nhựa),Chiếc,Dụng cụ y tế,Hãng SX: Việt Nam
NT210001,Hộp thuốc cấp cứu chống sốc (bằng nhựa),Chiếc,Dụng cụ y tế,Hãng SX: Vinaplastic/Việt Nam
VT125,Hộp tiểu phẫu,Chiếc,Vật tư tiêu hao,Hãng SX: Inox/Việt Nam
VT0119,Hộp tiểu phẫu,Chiếc,Vật tư tiêu hao,Hãng SX: Inox/Việt Nam
NT0167,Hộp tiểu phẫu,Chiếc,Dụng cụ y tế,Hãng SX: Việt Nam
NT230013,Hộp tiểu phẫu 20x10x5-Việt Nam,Cái,Dụng cụ y tế,Hãng SX: Việt Nam
2020HC103,HP,test,Hóa chất,
2021HC164,HP,test,Hóa chất,
HC18229,HP,test,Hóa chất,
NT240064,Huyết áp cơ ALPK2,Bộ,Thiết bị y tế,Hãng SX: Tanaka/Nhật Bản
NT210079,Huyết áp điện tử Omron.Model: JPN600/Nhật Bản,Cái,Thiết bị y tế,Hãng SX: Omron/Japan
NT240013,Huyết áp đồng hồ + tai nghe,Bộ,Thiết bị y tế,Hãng SX: Tanaka/Nhật Bản
VT210140,Huyết áp đồng hồ + tai nghe,Bộ,Thiết bị y tế,Hãng SX: Tanaka Sangyo/Nhật Bản
NT210078,Huyết áp đồng hồ + tai nghe. Model: Alpk2 500-V+FT800/Nhật Bản,Bộ,Thiết bị y tế,Hãng SX: Tanaka Sangyo/Nhật Bản
VT0120,Huyết áp đồng hồ kèm tai nghe,Bộ,Vật tư tiêu hao,Hãng SX: Ankato/Nhật Bản
VT126,Huyết áp đồng hồ kèm tai nghe,Bộ,Vật tư tiêu hao,Hãng SX: Ankato/Nhật Bản
TH0247,Huyết áp đồng hồ tai nghe ALPK2 - Model: 500V + FT-801,Bộ,Thiết bị y tế,Hãng SX: Nhật Bản
VT127,Huyết áp thủy ngân kèm tai nghe,Bộ,Vật tư tiêu hao,Hãng SX: Ankato/Nhật Bản
VT0121,Huyết áp thủy ngân kèm tai nghe,Bộ,Vật tư tiêu hao,Hãng SX: Ankato/Nhật Bản
2021HC87,IA Premium Plus Tri -Level,Hộp,Hóa chất,
2022CDHC02,iChem Velocity Urine Chemistry strips,Hộp,Hóa chất,
2022CDHC03,iChem VELOCITY Wash Solution,Hộp,Hóa chất,
2021HC03,iChem VELOCITY Wash Solution,Hộp,Hóa chất,
2020HC02,iChem VELOCITY Wash Solution,Hộp,Hóa chất,
2020HC04,iChemVELOCITY CalChek Kit,Hộp,Hóa chất,
2021HC05,iChemVELOCITY CalChek Kit,Hộp,Hóa chất,
2021HC02,iChemVELOCITY Urine Chemistry Strips,Hộp,Hóa chất,
2020HC01,iChemVELOCITY Urine Chemistry Strips,Hộp,Hóa chất,
NT0064,"Icon 2,5 CS Xuất xứ: Sygenta, Bỉ",Lít,Vật tư tiêu hao,Hãng SX: Sygenta
NT230067,"Icon 2,5CS",Lít,Vật tư tiêu hao,Hãng SX: Syngenta Chemical/Bỉ
HC18197,Imidazole buffer,Hộp,Hóa chất,
2021HC141,Imidazole buffer,Hộp,Hóa chất,
2020HC71,Imidazole buffer,Hộp,Hóa chất,
2021HC158,Influenza virus A&B,test,Hóa chất,
HC18221,Influenza virus A&B,test,Hóa chất,
2020HC95,Influenza virus A&B,test,Hóa chất,
NT220034,Instrument Tray 10 LT (Chậu ngâm hóa chất),Cái,Dụng cụ y tế,Hãng SX: BBraun/Đức
2021HC06,Iris System Cleanser,Hộp,Hóa chất,
2020HC05,Iris System Cleanser,Hộp,Hóa chất,
2020HC03,IRISpec CA/CB/CC iChem URINE CONTROL TRIPLET SET,Hộp,Hóa chất,
HCHCNTK271223083540,IRISpec CA/CB/CC iChem URINE CONTROL TRIPLET SET,Bộ,Hóa chất,
2021HC04,IRISpec CA/CB/CC iChem URINE CONTROL TRIPLET SET,Hộp,Hóa chất,
HC18230,Iron,Hộp,Hóa chất,
2021HC50,IRON,Hộp,Hóa chất,
HC0141,"IRON G.2 200T COBAS C, INT",test,Hóa chất,
HC18087,"IRON G.2 200T COBAS C, INT",test,Hóa chất,
VTTH405,ISE Calibration,Lọ,Vật tư tiêu hao,Hãng SX: SFRI/Pháp
HC0042,ISE Calibration,Lọ,Hóa chất,
HC18167,ISE Calibration (ISE5000),Lọ,Hóa chất,
2021HC47,ISE Calibration (ISE5000),Lọ,Hóa chất,
2020HC54,ISE Calibration (ISE5000),Lọ,Hóa chất,
2021HC55,ISE Calibration (ISE5000),Lọ,Hóa chất,
HC0129,ISE CLEANING SOL.,Hộp,Hóa chất,
HC18075,ISE CLEANING SOL.,Hộp,Hóa chất,
HC0161,ISE CLEANING SOL.,Hộp,Hóa chất,
HC18105,"ISE DILUENT G2, COBAS C/HIT",Hộp,Hóa chất,
HC0159,"ISE DILUENT G2, COBAS C/HIT",Hộp,Hóa chất,
HC18106,ISE INT.STAND G2 COBAS C/HIT,Hộp,Hóa chất,
HC0160,ISE INT.STAND G2 COBAS C/HIT,Hộp,Hóa chất,
HC0162,ISE REFERELECTROLYTE 5X300ML,Hộp,Hóa chất,
HC18107,ISE REFERELECTROLYTE 5X300ML,Hộp,Hóa chất,
HC0164,ISE STANDARD HIGH10X3ML,Hộp,Hóa chất,
HC18109,ISE STANDARD HIGH10X3ML,Hộp,Hóa chất,
HC0163,ISE STANDARD LOW 10X3ML,Hộp,Hóa chất,
HC18108,ISE STANDARD LOW 10X3ML,Hộp,Hóa chất,
HC18176,ITA Control serum level 1,Lọ,Hóa chất,
HC0034,ITA Control serum level 1,Lọ,Hóa chất,
2021HC40,ITA Control Serum Level 1,Lọ,Hóa chất,
2020HC47,ITA Control Serum Level 1,Lọ,Hóa chất,
HC0035,ITA Control serum level 2,Lọ,Hóa chất,
HC18177,ITA Control serum level 2,Lọ,Hóa chất,
2020HC48,ITA Control Serum Level 2,Lọ,Hóa chất,
2021HC41,ITA Control Serum Level 2,Lọ,Hóa chất,
HC18178,ITA Control serum level 3,Lọ,Hóa chất,
HC0036,ITA Control serum level 3,Lọ,Hóa chất,
2021HC42,ITA Control Serum Level 3,Lọ,Hóa chất,
2020HC49,ITA Control Serum Level 3,Lọ,Hóa chất,
NT0290,K - Files ( Nong dũa),Hộp,Dụng cụ y tế,Hãng SX: Việt Nam
2021HC58,K Electrode Filling Solution,Lọ,Hóa chất,
VTTH403,K Electrode Filling Solution (1x30ml),Lọ,Vật tư tiêu hao,Hãng SX: SFRI/Pháp
2021HC142,Kaolin Suspension,Hộp,Hóa chất,
HC18198,Kaolin Suspension,Hộp,Hóa chất,
2020HC72,Kaolin Suspension,Hộp,Hóa chất,
NT230004,Kéo 14cm cong nhọn-Prime Tech,Cái,Dụng cụ y tế,Hãng SX: Prime Tech - Pakistan
NT230005,Kéo 16cm cong nhọn-Prime Tech,Cái,Dụng cụ y tế,Hãng SX: Prime Tech - Pakistan
NT230006,Kéo 16cm thẳng nhọn-Prime Tech,Cái,Dụng cụ y tế,Hãng SX: Prime Tech - Pakistan
VT0341,Kéo cắt băng,Chiếc,Vật tư tiêu hao,Hãng SX: Pakistan
VT0122,Kéo cắt chỉ,Chiếc,Vật tư tiêu hao,Hãng SX: Prime/Pakistan
NT0271,Kéo cắt chỉ,Cái,Dụng cụ y tế,Hãng SX: Pakistan
VT128,Kéo cắt chỉ,Chiếc,Vật tư tiêu hao,Hãng SX: Prime/Pakistan
NT220021,Kéo cắt chỉ 10cm,Chiếc,Dụng cụ y tế,Hãng SX: Pakistan
VT0123,Kéo cắt mayo cỡ số 14cm,Chiếc,Vật tư tiêu hao,Hãng SX: Prime/Pakistan
VT129,Kéo cắt mayo cỡ số 14cm,Chiếc,Vật tư tiêu hao,Hãng SX: Prime/Pakistan
VT0124,Kéo cắt mayo cỡ số 15cm,Chiếc,Vật tư tiêu hao,Hãng SX: Prime/Pakistan
VT130,Kéo cắt mayo cỡ số 15cm,Chiếc,Vật tư tiêu hao,Hãng SX: Prime/Pakistan
VT0125,Kéo cắt metzenbaum cong cỡ số 12cm,Chiếc,Vật tư tiêu hao,Hãng SX: Prime/Pakistan
VT131,Kéo cắt metzenbaum cong cỡ số 12cm,Chiếc,Vật tư tiêu hao,Hãng SX: Prime/Pakistan
VT0126,Kéo cắt metzenbaum cong cỡ số 15cm,Chiếc,Vật tư tiêu hao,Hãng SX: Prime/Pakistan
VT132,Kéo cắt metzenbaum cong cỡ số 15cm,Chiếc,Vật tư tiêu hao,Hãng SX: Prime/Pakistan
VT133,Kéo cắt metzenbaum cong cỡ số 20cm,Chiếc,Vật tư tiêu hao,Hãng SX: Prime/Pakistan
VT0127,Kéo cắt metzenbaum cong cỡ số 20cm,Chiếc,Vật tư tiêu hao,Hãng SX: Prime/Pakistan
VT0128,Kéo cắt metzenbaum thẳng cỡ số 12cm,Chiếc,Vật tư tiêu hao,Hãng SX: Prime/Pakistan
VT134,Kéo cắt metzenbaum thẳng cỡ số 12cm,Chiếc,Vật tư tiêu hao,Hãng SX: Prime/Pakistan
VT0129,Kéo cắt metzenbaum thẳng cỡ số 15cm,Chiếc,Vật tư tiêu hao,Hãng SX: Prime/Pakistan
VT135,Kéo cắt metzenbaum thẳng cỡ số 15cm,Chiếc,Vật tư tiêu hao,Hãng SX: Prime/Pakistan
VT0130,Kéo cắt metzenbaum thẳng cỡ số 20cm,Chiếc,Vật tư tiêu hao,Hãng SX: Prime/Pakistan
VT136,Kéo cắt metzenbaum thẳng cỡ số 20cm,Chiếc,Vật tư tiêu hao,Hãng SX: Prime/Pakistan
VT0131,Kéo cong 16cm,Chiếc,Vật tư tiêu hao,Hãng SX: Prime/Pakistan
VT137,Kéo cong 16cm,Chiếc,Vật tư tiêu hao,Hãng SX: Prime/Pakistan
NT230002,Kéo cong 20cm - Prime Tech,Cái,Dụng cụ y tế,Hãng SX: Prime Tech - Pakistan
NT220088,Kéo cong 20cm(Toklais / Pakistan),Cái,Dụng cụ y tế,Hãng SX: Toklais / Pakistan
NT220093,Kéo cong nhọn 14cm(Toklais/Pakistan),Cái,Dụng cụ y tế,Hãng SX: Toklais / Pakistan
NT220042,Kéo cong nhọn 16cm,Cái,Dụng cụ y tế,Hãng SX: Prime/Pakistan
NT220094,Kéo cong nhọn 16cm(Toklais/Pakistan),Cái,Dụng cụ y tế,Hãng SX: Toklais / Pakistan
NT210086,Kéo dài 16cm/Việt Nam,Cái,Dụng cụ y tế,Hãng SX: Công ty TNHH MTV Thiết bị y tế 130 Armephaco/Việt Nam
TH0239,Keo dán quang trùng hợp phục hình BộND TETRIC N-BộND COLLECTION,Lọ,Vật tư tiêu hao,Hãng SX: Mỹ
DCYT037,"Kéo MayO vàng, cong",Cái,Dụng cụ y tế,Hãng SX: Frienfa - Đức
DCYT019,"Kéo MayO vàng, thẳng 180mm",Cái,Dụng cụ y tế,Hãng SX: Frienfa - Đức
NT230003,Kéo thẳng 10cm- Prime Tech,Cái,Dụng cụ y tế,Hãng SX: Prime Tech - Pakistan
NT220092,Kéo thẳng 10cm (Toklais/Pakistan),Cái,Dụng cụ y tế,Hãng SX: Toklais / Pakistan
VT0132,Kéo thẳng 16cm,Chiếc,Vật tư tiêu hao,Hãng SX: Prime/Pakistan
VT138,Kéo thẳng 16cm,Chiếc,Vật tư tiêu hao,Hãng SX: Prime/Pakistan
NT220040,Kéo thẳng nhọn 16cm,Cái,Dụng cụ y tế,Hãng SX: Prime/Pakistan
NT220018,Kéo thẳng nhọn 16cm,Chiếc,Dụng cụ y tế,Hãng SX: Pakistan
NT220095,Kéo thẳng nhọn 16cm(Toklais/Pakistan),Cái,Dụng cụ y tế,Hãng SX: Toklais / Pakistan
NT220041,Kéo thẳng nhọn 18cm,Cái,Dụng cụ y tế,Hãng SX: Prime/Pakistan
DCYT016,Kẹp bông băng FoersterBallenger,Cái,Dụng cụ y tế,Hãng SX: Prime/Pakistan
NT220046,Kẹp bông sản,Cái,Dụng cụ y tế,Hãng SX: Prime/Pakistan
NT220038,Kẹp cổ tử cung Pozzi,Cái,Dụng cụ y tế,Hãng SX: Prime/Pakistan
VT139,Kẹp đốt cầm máu bipolar,Chiếc,Vật tư tiêu hao,Hãng SX: Prime/Pakistan
VT0133,Kẹp đốt cầm máu bipolar,Chiếc,Vật tư tiêu hao,Hãng SX: Prime/Pakistan
NT230046,Kẹp gắp Prime,Cái,Dụng cụ y tế,Hãng SX: Pakistan
NT220047,Kẹp mạch máu 16cm đầu cong,Cái,Dụng cụ y tế,Hãng SX: Prime/Pakistan
DCYT,Kẹp mạch máu Halsted-Mosquito thẳng,Cái,Dụng cụ y tế,Hãng SX: Prime/Pakistan
DCYT026,Kẹp mạch máu Kocher thẳng 1x2 răng,Cái,Dụng cụ y tế,Hãng SX: Prime/Pakistan
DCYT024,"Kẹp mạch máu Rochester -Pean,cong 160mm",Cái,Dụng cụ y tế,Hãng SX: Prime/Pakistan
NT220043,Kẹp phẫu tích 16cm,Cái,Dụng cụ y tế,Hãng SX: Prime/Pakistan
NT220022,Kẹp phẫu tích 16cm,Chiếc,Dụng cụ y tế,Hãng SX: Pakistan
VT140,Kẹp phẫu tích có mấu 16cm -18cm,Chiếc,Vật tư tiêu hao,Hãng SX: Prime/Pakistan
VT0134,Kẹp phẫu tích có mấu 16cm -18cm,Chiếc,Vật tư tiêu hao,Hãng SX: Prime/Pakistan
DCYT021,Kẹp phẫu tích có mấu thẳng 145mm,Cái,Dụng cụ y tế,Hãng SX: Prime/Pakistan
NT230009,Kẹp phẫu tích không mấu 14cm-Prime,Cái,Dụng cụ y tế,Hãng SX: Prime Tech - Pakistan
NT220098,Kẹp phẫu tích không mấu 14cm(Toklais/Pakistan),Cái,Dụng cụ y tế,Hãng SX: Toklais / Pakistan
NT220099,Kẹp phẫu tích không mấu 16 cm(Toklais/Pakistan),Cái,Dụng cụ y tế,Hãng SX: Toklais / Pakistan
NT230010,Kẹp phẫu tích không mấu 16cm-Prime Tech,Cái,Dụng cụ y tế,Hãng SX: Prime Tech - Pakistan
VT0135,Kẹp phẫu tích không mấu 16cm -18cm,Chiếc,Vật tư tiêu hao,Hãng SX: Prime/Pakistan
VT141,Kẹp phẫu tích không mấu 16cm -18cm,Chiếc,Vật tư tiêu hao,Hãng SX: Prime/Pakistan
DCYT020,Kẹp phẫu tích không mấu 200mm,Cái,Dụng cụ y tế,Hãng SX: Prime/Pakistan
VT142,Kẹp răng chuột cỡ 15cm,Chiếc,Vật tư tiêu hao,Hãng SX: Prime/Pakistan
VT0136,Kẹp răng chuột cỡ 15cm,Chiếc,Vật tư tiêu hao,Hãng SX: Prime/Pakistan
DCYT025,Kẹp ruột Allis răng đầu tù 16cm,Cái,Dụng cụ y tế,Hãng SX: Prime/Pakistan
DCYT017,Kẹp săng,Cái,Dụng cụ y tế,Hãng SX: Prime/Pakistan
VT143,Kẹp săng mổ cỡ 17cm,Chiếc,Vật tư tiêu hao,Hãng SX: Prime/Pakistan
VT0137,Kẹp săng mổ cỡ 17cm,Chiếc,Vật tư tiêu hao,Hãng SX: Prime/Pakistan
DCYT028,Kẹp trĩ Prat,Cái,Dụng cụ y tế,Hãng SX: Prime/Pakistan
NT220065,Kẹp tứ chi H068A của máy điện tim(4c/bộ),Bộ,Vật tư tiêu hao,Hãng SX: Nihonkoden/Nhật
VT260006,Khăn giấy,Tập,Vật tư tiêu hao,Hãng SX: Linh Xuân | Nước SX: Việt nam
NT0087,"Khăn giấy y tế Bích Thảo, Sài Gòn, bịch 900g",BICH,Vật tư tiêu hao,Hãng SX: Việt Nam
NT0128,Khăn mặt Nam Đô kt: 30x50cm,Chiếc,Vật tư tiêu hao,Hãng SX: Việt Nam
NT0030,Khẩu trang ( Khẩu trang vải kháng khuẩn NE32/1),Cái,Vật tư tiêu hao,Hãng SX: Việt Nam
NT0046,Khẩu trang 3 lớp dây buộc,Cái,Vật tư tiêu hao,Hãng SX: Việt Nam
NT0013,Khẩu trang 3M 9001 xuất xứ : Malaysia,Chiếc,Vật tư tiêu hao,Hãng SX: Malaysia
NT0023,Khẩu trang Eco Mask PM 2.5 N95,Chiếc,Vật tư tiêu hao,Hãng SX: Trung Quốc
NT0025,"Khẩu trang M12-175, (Blue),KVT ( 50 cái/hộp) ( Danameco, VN)",Cái,Vật tư tiêu hao,Hãng SX: Việt Nam
NT0284,Khẩu trang N95,Cái,Vật tư tiêu hao,Hãng SX: Việt Nam
NT210067,Khẩu trang N95,Cái,Vật tư tiêu hao,Hãng SX: Danameco/ Việt Nam
NT210109,Khẩu trang N95,Cái,Vật tư tiêu hao,Hãng SX: Danameco/ Việt Nam
NT210033,"Khẩu trang N95-1870,3M-Mỹ",Cái,Vật tư tiêu hao,Hãng SX: 3M/Mỹ
VT210037,Khẩu trang N95 - 8210,Cái,Vật tư tiêu hao,Hãng SX: Hàn Quốc
VTTH 366,Khẩu trang N95 Lọại 3M 8210,Chiếc,Vật tư tiêu hao,Hãng SX: Trung Quốc
NT0065,Khẩu trang phẫu thuật GIKO 1400 N95 Mask,Cái,Vật tư tiêu hao,Hãng SX: Trung Quốc
NT0026,"Khẩu trang phòng dịch, M12 vô trùng",Cái,Vật tư tiêu hao,Hãng SX: Việt Nam
NT210069,"Khẩu trang phòng dịch, M12 vô trùng",Cái,Vật tư tiêu hao,Hãng SX: Danameco/ Việt Nam
NT0238,"Khẩu trang phòng dịch, M12 vô trùng",Cái,Vật tư tiêu hao,Hãng SX: Việt Nam
VT144,Khẩu trang than hoạt tính,Chiếc,Vật tư tiêu hao,Hãng SX: Bảo Thạch/Việt Nam
VT0138,Khẩu trang than hoạt tính,Chiếc,Vật tư tiêu hao,Hãng SX: Bảo Thạch/Việt Nam
TH0183,Khẩu trang than hoạt tính TANAPHAR,Chiếc,Vật tư tiêu hao,Hãng SX: Tanaphar/Việt Nam
NT0073,Khẩu trang vải 19-5,Cái,Vật tư tiêu hao,Hãng SX: Việt Nam
VT145,Khẩu trang y tế (Lọại 3 lớp),Chiếc,Vật tư tiêu hao,Hãng SX: Bảo Thạch/Việt Nam
VT0139,Khẩu trang y tế (Lọại 3 lớp),Chiếc,Vật tư tiêu hao,Hãng SX: Bảo Thạch/Việt Nam
VT0332,Khẩu trang y tế 1 lớp,Chiếc,Vật tư tiêu hao,Hãng SX: Việt Nam
TH0210,Khẩu trang y tế 2 lớp dây đeo,Cái,Vật tư tiêu hao,Hãng SX: Memco/Việt Nam
TH0249,Khẩu trang y tế 3 lớp,Cái,Vật tư tiêu hao,Hãng SX: Việt Nam
NT0024,Khẩu trang y tế 3 lớp ( Sen Việt / Việt Nam ),Cái,Vật tư tiêu hao,Hãng SX: Việt Nam
TH0182,Khẩu trang y tế 3 lớp dây đeo,Chiếc,Vật tư tiêu hao,Hãng SX: Memco/Việt Nam
VT230141,Khẩu trang y tế 3 lớp không tiệt trùng,Cái,Vật tư tiêu hao,Hãng SX: Memco/Việt Nam - Việt Nam
VT210164,Khẩu trang y tế 3 lớp tiệt trùng,Cái,Vật tư tiêu hao,Hãng SX: MPV/Việt Nam
VT210039,Khẩu trang y tế 3 lớp tiệt trùng,Cái,Vật tư tiêu hao,Hãng SX: MPV/Việt Nam
NT0016,"Khẩu trang y tế 3 lớp tiệt trùng, 50 chiếc/hộp, Danameco - Việt Nam",Chiếc,Vật tư tiêu hao,Hãng SX: Việt Nam
VT210163,Khẩu trang y tế 3 lớp vô trùng,Cái,Vật tư tiêu hao,Hãng SX: An Lành/Việt Nam
VT210038,Khẩu trang y tế 3 lớp vô trùng,Cái,Vật tư tiêu hao,Hãng SX: Việt Nam
NT210107,"Khẩu trang y tế 3 lớp, KVT",Chiếc,Vật tư tiêu hao,Hãng SX: Danameco/ Việt Nam
VT210147,"Khẩu trang y tế 3 lớp, tiệt trùng",Cái,Vật tư tiêu hao,Hãng SX: MPV/Việt Nam
VT230107,"Khẩu trang y tế 3 lớp, tiệt trùng",Cái,Vật tư tiêu hao,Hãng SX: Memco/Việt Nam - Việt Nam
NT0298,Khẩu trang y tế 3D_N95 ( Hãng SX Tulips/ Việt Hàn),Chiếc,Vật tư tiêu hao,Hãng SX: Việt Nam
NT0007,Khẩu trang y tế 4 lớp,Chiếc,Vật tư tiêu hao,Hãng SX: Việt Nam
VT210041,Khẩu trang y tế 4 lớp,Cái,Vật tư tiêu hao,Hãng SX: Tanaphar/Việt Nam
NT0014,Khẩu trang y tế 4 lớp tiệt trùng,Chiếc,Vật tư tiêu hao,Hãng SX: Việt Nam
NT0074,Khẩu trang y tế 4 lớp tiệt trùng - An Phú,Cái,Vật tư tiêu hao,Hãng SX: Việt Nam
VT210040,Khẩu trang y tế 4 lớp vô trùng,Cái,Vật tư tiêu hao,Hãng SX: MPV/Việt Nam
VT230118,Khẩu trang y tế 5 lớp -N95-SHB Pro mask,Chiếc,Vật tư tiêu hao,Hãng SX: SHB/Việt Nam N95-SHB Pro mask
VT250025,Khẩu trang y tế AN95,Cái,Vật tư tiêu hao,Hãng SX: Công ty TNHH Đầu tư và Thương mại An Lành | Nước SX: Việt Nam
NT0050,Khẩu trang y tế Lọại 3 lớp ( An Lành - Việt Nam),Cái,Vật tư tiêu hao,Hãng SX: Việt Nam
VT210043,Khẩu trang y tế than hoạt tính,Cái,Vật tư tiêu hao,Hãng SX: Bảo Thạch/Việt Nam
VT210042,Khẩu trang y tế than hoạt tính tiệt trùng,Cái,Vật tư tiêu hao,Hãng SX: Tanaphar/Việt Nam
NT0062,Khẩu trang y tế vô trùng ( DANAMECO),Cái,Vật tư tiêu hao,Hãng SX: Việt Nam
NT0146,Khay chữ nhật,Chiếc,Dụng cụ y tế,Hãng SX: Việt Nam
NT0276,Khay chữ nhật cỡ 22x32x2cm,Cái,Dụng cụ y tế,Hãng SX: Việt Nam
VT0140,Khay chữ nhật inox cỡ 20cm x 30cm,Chiếc,Vật tư tiêu hao,Hãng SX: Việt Nam
VT146,Khay chữ nhật inox cỡ 20cm x 30cm,Chiếc,Vật tư tiêu hao,Hãng SX: Việt Nam
VT0141,Khay chữ nhật inox cỡ 30cm x 40cm,Chiếc,Vật tư tiêu hao,Hãng SX: Việt Nam
VT147,Khay chữ nhật inox cỡ 30cm x 40cm,Chiếc,Vật tư tiêu hao,Hãng SX: Việt Nam
NT210084,Khay chữ nhật kích thước: 27x32cm/Việt Nam,Cái,Dụng cụ y tế,Hãng SX: Công ty TNHH MTV Thiết bị y tế 130 Armephaco/Việt Nam
NT0196,Khay đếm thuốc,Chiếc,Dụng cụ y tế,Hãng SX: Việt Nam
NT0148,Khay hạt đậu,Chiếc,Dụng cụ y tế,Hãng SX: Việt Nam
NT0195,Khay hạt đậu,Chiếc,Dụng cụ y tế,Hãng SX: Trung Quốc
NT220020,Khay hạt đậu,Chiếc,Dụng cụ y tế,Hãng SX: Việt Nam
NT230061,Khay inox,Chiếc,Vật tư tiêu hao,Hãng SX: Minh Hải/Việt Nam
VT148,Khay quả đậu inox,Chiếc,Vật tư tiêu hao,Hãng SX: Việt Nam
VT0142,Khay quả đậu inox,Chiếc,Vật tư tiêu hao,Hãng SX: Việt Nam
NT210085,Khay quả đậu/ Việt Nam,Cái,Dụng cụ y tế,Hãng SX: Công ty TNHH MTV Thiết bị y tế 130 Armephaco/Việt Nam
VT210072,Khay thử kháng nguyên virus Sars-Cov-2,test,Vật tư tiêu hao,"Hãng SX: ACON BIOTECH (HANGZOU) CO.,LTD"
NT0301,Khay thử xét nghiệm định tính kháng nguyên SARS - CoV - 2( Trueline Covid - 19 Ag Rapid Test),test,Vật tư tiêu hao,Hãng SX: Việt Nam
NT0269,Khay thử xét nghiệm định tính kháng nguyên SARS - CoV - 2( Trueline Covid - 19 Ag Rapid Test),test,Vật tư tiêu hao,Hãng SX: Việt Nam
NT220001,Khay thử xét nghiệm kháng nguyên vi rút SARS-CoV-2,test,Vật tư tiêu hao,"Hãng SX: Labnovation technoLọgies, Inc/Trung Quốc"
KH2303,Khí oxi hóa lỏng,Kg,Vật tư tiêu hao,Hãng SX: ThanhGas
KH2302,Khí Oxy (bình 10 lít),Bình,Vật tư tiêu hao,Hãng SX: ThanhGas
KH2301,Khí Oxy (bình 40 lít),Bình,Vật tư tiêu hao,Hãng SX: ThanhGas
NTKH2301,Khí Oxy (bình 40 lít),Bình,Vật tư tiêu hao,Hãng SX: ThanhGas - Việt Nam
VTTH 376,Khí oxy bé,Bình,Vật tư tiêu hao,Hãng SX: Việt Nam
VTTH 375,Khí Oxy bé,Bình,Vật tư tiêu hao,Hãng SX: Việt Nam
KH001,Khí oxy đóng bình 40L,Bình,Vật tư tiêu hao,Hãng SX: Việt Nam
KH2202,Khí oxy dược dụng (oxy y tế)-10l,Bình,Vật tư tiêu hao,Hãng SX: Việt Nam
KH2201,Khí oxy dược dụng (oxy y tế)-40l,Bình,Vật tư tiêu hao,Hãng SX: Việt Nam
NKH2503,Khí Oxy hóa lỏng,Kg,Vật tư tiêu hao,Hãng SX: ThanhGas
NTKH2602,Khí Oxy hóa lỏng,Kg,Vật tư tiêu hao,Hãng SX: ThanhGas | Nước SX: Việt Nam
NTKH2503,Khí Oxy hóa lỏng,Kg,Vật tư tiêu hao,Hãng SX: ThanhGas - Việt Nam
VT0294,Khí Oxy Y Tế,Bình,Vật tư tiêu hao,Hãng SX: Việt Nam
KH2204,Khí oxy y tế - 10 lít,Bình,Vật tư tiêu hao,Hãng SX: Việt Nam
KH2203,Khí oxy y tế - 40 lít,Bình,Vật tư tiêu hao,Hãng SX: Việt Nam
KH2102,Khí oxy y tế 10 lít,Bình,Vật tư tiêu hao,Hãng SX: Việt Nam
KH2101,Khí Oxy y tế 40 lít,Bình,Vật tư tiêu hao,Hãng SX: Việt Nam
NTKH2502,Khí Oxy(bình 10 lít),Bình,Vật tư tiêu hao,Hãng SX: ThanhGas - Việt Nam
NTKH2501,Khí Oxy(Bình 40 lít),Bình,Vật tư tiêu hao,Hãng SX: ThanhGas
NT230163,Khóa 3 chạc có dây nối,Cái,Vật tư tiêu hao,Hãng SX: Harsoria
VT0043,Khóa 3 chạc có dây nối,Cái,Vật tư tiêu hao,Hãng SX: Hasoria
VT260057,Khóa 3 chạc có dây nối Kyoling,Cái,Vật tư tiêu hao,"Hãng SX: Hangzhou Jinlin Medical Appliances Co., Ltd - Trung Quốc | Nước SX: Trung Quốc"
VT0003,Khóa ba chạc,Cái,Vật tư tiêu hao,Hãng SX: Harsoria
NT230083,Khóa ba chạc,Cái,Vật tư tiêu hao,Hãng SX: Harsoria
VT210044,"Khóa ba chạc (có dây, không dây)",Cái,Vật tư tiêu hao,Hãng SX: Ấn độ
VT210148,"Khóa ba chạc (có dây, không dây)",Cái,Vật tư tiêu hao,Hãng SX: Harsoria
VT0143,Khóa ba chạc có dây,Chiếc,Vật tư tiêu hao,Hãng SX: Shree Umiya Surgical Pvt. Ltd /Ấn Độ
TH0032,Khóa ba chạc có dây,Cái,Vật tư tiêu hao,Hãng SX: Harsoria
VT149,Khóa ba chạc có dây,Chiếc,Vật tư tiêu hao,Hãng SX: Shree Umiya Surgical Pvt. Ltd /Ấn Độ
VT0051,Khóa ba chạc có dây 30 cm,Cái,Vật tư tiêu hao,Hãng SX: Hitec
VT230079,Khóa ba chạc có dây 30 cm,Cái,Vật tư tiêu hao,Hãng SX: Hitec/Trung Quốc
VT230102,Khóa ba chạc có dây 30 cm,Cái,Vật tư tiêu hao,Hãng SX: Hitec/Trung Quốc
VT250026,Khóa ba chạc có dây nối,Cái,Vật tư tiêu hao,Hãng SX: Wellmed International Industries Pvt.Ltd. | Nước SX: Ấn Độ
NT230130,Khóa ba chạc có dây nối dài 30cm,Cái,Vật tư tiêu hao,Hãng SX: Harsoria
VT0011,Khóa ba chạc có dây nối dài 30cm,Cái,Vật tư tiêu hao,Hãng SX: Harsoria
VT150,Khóa ba chạc không dây nối,Chiếc,Vật tư tiêu hao,Hãng SX: Shree Umiya Surgical Pvt. Ltd /Ấn Độ
VT0144,Khóa ba chạc không dây nối,Chiếc,Vật tư tiêu hao,Hãng SX: Shree Umiya Surgical Pvt. Ltd /Ấn Độ
VT0145,Kìm bấm nướu,Chiếc,Vật tư tiêu hao,Hãng SX: Prime/Pakistan
VT151,Kìm bấm nướu,Chiếc,Vật tư tiêu hao,Hãng SX: Prime/Pakistan
NT220090,Kim bơm thông lệ đạo,Cái,Vật tư tiêu hao,Hãng SX: PMS/Đức
VT260044,Kim bướm 23G - 25G,Chiếc,Vật tư tiêu hao,"Hãng SX: Weifang Kawa Medical Products Co., Ltd- Trung Quốc | Nước SX: Trung Quốc"
VT001,"Kim bướm 23G, 25G",Chiếc,Vật tư tiêu hao,Hãng SX: Vinahancook
VT152,"Kim bướm số 23G, 25G",Chiếc,Vật tư tiêu hao,Hãng SX: MPV/Việt Nam
VT0146,"Kim bướm số 23G, 25G",Chiếc,Vật tư tiêu hao,"Hãng SX: Haimen UnitedLaBộratory EquipmentDeveLọpment Co.,Ltd - Trung Quốc"
VT230015,Kim cánh bướm ECO,Chiếc,Vật tư tiêu hao,Hãng SX: Công ty cổ phần nhựa y tế Việt Nam
VT0017,Kim cánh bướm ECO,Chiếc,Vật tư tiêu hao,Hãng SX: Công ty cổ phần nhựa y tế Việt Nam
VT210091,Kim cấy chỉ các số,Cái,Vật tư tiêu hao,Hãng SX: Yangzhou Jiangzhou/Trung Quốc
VT0147,Kim cấy chỉ cỡ số 9,Chiếc,Vật tư tiêu hao,Hãng SX: Trung Quốc
VT153,Kim cấy chỉ cỡ số 9,Chiếc,Vật tư tiêu hao,Hãng SX: Trung Quốc
VT154,Kim cấy chỉ số 23G,Chiếc,Vật tư tiêu hao,Hãng SX: Trung Quốc
VT0148,Kim cấy chỉ số 23G,Chiếc,Vật tư tiêu hao,Hãng SX: Trung Quốc
TH0241,Kim cấy chỉ số 9mm ( vàng),Cái,Vật tư tiêu hao,Hãng SX: Việt Nam
VT260075,Kim châm cứu 10 cm,Chiếc,Vật tư tiêu hao,"Hãng SX: Suzhou Tianxie Acupuncture Instruments Co., Ltd/ Trung Quốc | Nước SX: Trung Quốc"
VT260073,Kim châm cứu 5 cm,Chiếc,Vật tư tiêu hao,"Hãng SX: Suzhou Tianxie Acupuncture Instruments Co., Ltd/ Trung Quốc | Nước SX: Trung Quốc"
NT260011,Kim châm cứu 5cm,Chiếc,Vật tư tiêu hao,"Hãng SX: Suzhou Tianxie Acupuncture Instruments Co., Ltd | Nước SX: Trung Quốc"
VT260074,Kim châm cứu 7 cm,Chiếc,Vật tư tiêu hao,"Hãng SX: Suzhou Tianxie Acupuncture Instruments Co., Ltd/ Trung Quốc | Nước SX: Trung Quốc"
VT155,Kim châm cứu dùng 1 lần,Vỉ,Vật tư tiêu hao,Hãng SX: Hải Nam/Trung Quốc
VT345,Kim châm cứu dùng 1 lần,Cái,Vật tư tiêu hao,Hãng SX: Việt Nam
VT0149,Kim châm cứu dùng 1 lần,vi,Vật tư tiêu hao,Hãng SX: Hải Nam/Trung Quốc
VT316,Kim châm cứu số 10,Chiếc,Vật tư tiêu hao,Hãng SX: Việt Nam
VT315,Kim châm cứu số 7,Chiếc,Vật tư tiêu hao,Hãng SX: Việt Nam
VT230001,"Kim châm cứu tiệt trùng dùng một lần (dạng túi hoặc vỉ ,cán sắt ,cán bạc ,cán đồng).",Cái,Vật tư tiêu hao,Hãng SX: Suzhou Tianxie Acupunchture Instruments - Trung Quốc
VT230002,"Kim châm cứu tiệt trùng dùng một lần (dạng túi hoặc vỉ,cán sắt,cán bạc,cán đồng)",Cái,Vật tư tiêu hao,Hãng SX: Suzhou Tianxie Acupunchture Instruments - Trung Quốc
VT230117,"Kim chấm cứu tiệt trùng dùng một lần( dạng túi hoặc vỉ, cán sắt, cán bạc, cán đồng)",Cái,Vật tư tiêu hao,Hãng SX: Suzhou Tianxie Acupunchture Instruments - Trung Quốc
VT0293,Kim châm cứu vô khuẩn 0.30x25mm,Cái,Vật tư tiêu hao,Hãng SX: Trung Quốc
TH0029,Kim châm cứu vô khuẩn 3-4-5cm,Cái,Vật tư tiêu hao,Hãng SX: Hải Nam/Trung Quốc
VT210046,Kim châm cứu vô khuẩn 3-5cm,Cái,Vật tư tiêu hao,Hãng SX: Trung Quốc
TH0255,Kim châm cứu vô khuẩn 3 - 4 - 5 cm,Cái,Vật tư tiêu hao,Hãng SX: Hải Nam/Trung Quốc
VT210047,Kim châm cứu vô khuẩn 7-10cm,Cái,Vật tư tiêu hao,Hãng SX: Trung Quốc
TH0030,Kim châm cứu vô khuẩn 7-10cm,Cái,Vật tư tiêu hao,Hãng SX: Hải Nam/Trung Quốc
TH0262,Kim châm cứu vô khuẩn 7 - 10cm,Cái,Vật tư tiêu hao,Hãng SX: Hải Nam/Trung Quốc
NT260019,Kim châm cứu vô trùng dùng 1 lần,Chiếc,Vật tư tiêu hao,"Hãng SX: Suzhou Tianxie Acupuncture Instruments Co.,Ltd | Nước SX: Trung Quốc"
NT260021,Kim châm cứu vô trùng dùng 1 lần,Chiếc,Vật tư tiêu hao,"Hãng SX: Suzhou Tianxi Acupuncture Instruments Co., Ltd | Nước SX: Trung quốc"
NT260020,Kim châm cứu vô trùng dùng 1 lần,Chiếc,Vật tư tiêu hao,"Hãng SX: Suzhou Tianxie acupuncture Instruments Co.,Ltd | Nước SX: Trung Quốc"
VT0337,Kim chỉ vô khuẩn EthiLọn cỡ số 2.0,Sợi,Vật tư tiêu hao,Hãng SX: Johnson/ Bỉ
VT0338,Kim chỉ vô khuẩn EthiLọn cỡ số 3.0,Sợi,Vật tư tiêu hao,Hãng SX: Johnson/ Bỉ
VT0339,Kim chỉ vô khuẩn EthiLọn cỡ số 4.0,Sợi,Vật tư tiêu hao,Hãng SX: Johnson/ Bỉ
VT0340,Kim chỉ vô khuẩn EthiLọn cỡ số 5.0,Sợi,Vật tư tiêu hao,Hãng SX: Johnson/ Bỉ
VT0349,Kim chỉ vô khuẩn EthiLọn cỡ số 6.0,Sợi,Vật tư tiêu hao,Hãng SX: Johnson/ Bỉ
VT0333,Kim chỉ vô khuẩn Safil cỡ số 2.0,Sợi,Vật tư tiêu hao,Hãng SX: BBraun/Đức
VT0162,Kim chỉ vô khuẩn Safil cỡ số 4.0,Sợi,Vật tư tiêu hao,Hãng SX: B.Braun/B.Braun
VT0163,Kim chỉ vô khuẩn Safil cỡ số 5.0,Sợi,Vật tư tiêu hao,Hãng SX: B.Braun/B.Braun
VT0336,Kim chỉ vô khuẩn Vicryl cỡ số 2.0,Sợi,Vật tư tiêu hao,Hãng SX: Johnson/ Bỉ
VT0334,Kim chỉ vô khuẩn Vicryl cỡ số 3.0,Sợi,Vật tư tiêu hao,Hãng SX: Johnson/ Bỉ
VT0335,Kim chỉ vô khuẩn Vicryl cỡ số 4.0,Sợi,Vật tư tiêu hao,Hãng SX: Johnson/ Bỉ
VT0169,Kim chích máu,Chiếc,Vật tư tiêu hao,Hãng SX: Medisure/Trung Quốc
VT175,Kim chích máu,Chiếc,Vật tư tiêu hao,Hãng SX: Medisure/Trung Quốc
VT0170,Kim chích máu (dùng cho máy đo đường huyết cá nhân),Chiếc,Vật tư tiêu hao,Hãng SX: Johnson & Johnson/Mỹ
VT176,Kim chích máu (dùng cho máy đo đường huyết cá nhân),Hộp,Vật tư tiêu hao,Hãng SX: Johnson & Johnson
VT0021,Kim chích máu các loại,Cái,Vật tư tiêu hao,"Hãng SX: Taizhou Kangjian Medical Equipments Co.,Ltd"
VT230034,Kim chích máu các Lọại,Cái,Vật tư tiêu hao,"Hãng SX: Taizhou Kanggjian Medical Equipments Co.,Ltd"
NT210103,Kim chích máu ở tay,Cái,Vật tư tiêu hao,Hãng SX: Henso Medical(Hangzhou)/Trung Quốc
VT0171,"Kim chọc dò màng bụng, màng phổi các cỡ",Chiếc,Vật tư tiêu hao,Hãng SX: BBraun/Đức
VT177,"Kim chọc dò màng bụng, màng phổi các cỡ",Chiếc,Vật tư tiêu hao,Hãng SX: BBraun/Đức
VT178,Kim chọc dò tủy sống các cỡ,Chiếc,Vật tư tiêu hao,Hãng SX: Shree Umiya Surgical Pvt. Ltd /Ấn Độ
VT0172,Kim chọc dò tủy sống các cỡ,Chiếc,Vật tư tiêu hao,Hãng SX: Shree Umiya Surgical Pvt. Ltd/Ấn Độ
NT220004,Kim chọc dò tủy sống Spinocan cỡ 25-27G,Chiếc,Vật tư tiêu hao,Hãng SX: BBraun/Nhật Bản
TH0131,Kim chọc dò tủy sống SPINOCAN Spinal Needle 25G x 3 1/2,Chiếc,Vật tư tiêu hao,Hãng SX: Malaysia
TH0132,Kim chọc dò tủy sống SPINOCAN Spinal Needle 27G x 3 1/2,Chiếc,Vật tư tiêu hao,Hãng SX: Malaysia
VT0029,"Kim chọc dò, gây tê tủy sống SPINOCAN 25GX31/2""(88MM)-AP/SA",Chiếc,Vật tư tiêu hao,Hãng SX: B.Braun Aesculap Japan Co.Ltd
VT230071,"Kim chọc dò, gây tê tủy sống SPINOCAN 25GX31/2""(88MM)-AP/SA",Chiếc,Vật tư tiêu hao,Hãng SX: B.Braun Aesculap Japan Co.Ltd
VT0030,"Kim chọc dò, gây tê tủy sống SPINOCAN 27GX31/2""(88MM)-AP/SA",Chiếc,Vật tư tiêu hao,Hãng SX: B.Braun Aesculap Japan Co.Ltd
VT230012,"Kim chọc dò, gây tê tủy sống SPINOCAN 27GX31/2""(88MM)-AP/SA",Chiếc,Vật tư tiêu hao,Hãng SX: B.Braun Aesculap Japan Co.Ltd
NT210010,Kim gây tê 2 đầu 27G,Chiếc,Vật tư tiêu hao,Hãng SX: Terumo/Nhật Bản
VT210092,Kim gây tê hai đầu 27G,Chiếc,Vật tư tiêu hao,Hãng SX: Terumo/Nhật Bản
VT179,Kim gây tê hai đầu cỡ 27G,Chiếc,Vật tư tiêu hao,Hãng SX: Vinahancook/Việt Nam
VT0173,Kim gây tê hai đầu cỡ 27G,Chiếc,Vật tư tiêu hao,Hãng SX: Vinahankook/Việt Nam
NT0088,"Kim gây tê nha khoa, Terumo hộp/100c",Chiếc,Vật tư tiêu hao,Hãng SX: Terumo/Nhật Bản
DCYT041,Kim gây tê tủy sống 25G/BBraun,Chiếc,Dụng cụ y tế,Hãng SX: B.Braun
DCYT042,Kim gây tê tủy sống 27G/BBraun,Chiếc,Dụng cụ y tế,Hãng SX: B.Braun
VT0174,Kim hút dịch cỡ 20G,Chiếc,Vật tư tiêu hao,Hãng SX: Vinahankook/Việt Nam
VT180,Kim hút dịch cỡ 20G,Chiếc,Vật tư tiêu hao,Hãng SX: Vinahancook/Việt Nam
NT0110,Kim hút dịch màng bụng màng phổi G20 Terumo,Chiếc,Vật tư tiêu hao,Hãng SX: Terumo/Nhật Bản
VT0342,Kìm kẹp kim,Chiếc,Vật tư tiêu hao,Hãng SX: Pakistan
VT181,Kìm kẹp kim (mayo hegar) các cỡ,Chiếc,Vật tư tiêu hao,Hãng SX: Mayo hegar/Đức
VT0175,Kìm kẹp kim (mayo hegar) các cỡ,Chiếc,Vật tư tiêu hao,Hãng SX: Mayo hegar/Đức
NT230011,Kìm kẹp kim 14cm-Prime Tech,Cái,Dụng cụ y tế,Hãng SX: Prime Tech - Pakistan
NT230012,Kìm kẹp kim 16cm-Prime Tech,Cái,Dụng cụ y tế,Hãng SX: Prime Tech - Pakistan
NT220100,Kìm kẹp kim cỡ 14cm(Toklais/Pakistan),Cái,Dụng cụ y tế,Hãng SX: Toklais / Pakistan
NT220101,Kìm kẹp kim cỡ 16cm(Toklais/Pakistan),Cái,Dụng cụ y tế,Hãng SX: Toklais / Pakistan
NT230085,Kim lấy máu cho máy đo đường đường huyết,Cái,Vật tư tiêu hao,Hãng SX: Henso Medical(Hangzhou)/Trung Quốc
VT210095,Kim lấy máu cho máy đo đường huyết,Chiếc,Vật tư tiêu hao,Hãng SX: Henso Medical(Hangzhou)/Trung Quốc
TH0133,Kim lấy máu cho máy đo đường huyết URIGHT,Cái,Vật tư tiêu hao,Hãng SX: Taidoc - Mednet
VT260068,Kim lấy máu OneTouch Delica Plus B/25,Que,Vật tư tiêu hao,"Hãng SX: Asahi Polyslider Company, Limited, Nhật Bản | Nước SX: Nhật Bản"
VT250027,Kim lấy máu Onetouch PT,Cái,Vật tư tiêu hao,Hãng SX: Blood lancet; Taizhou Kangjian | Nước SX: Trung Quốc
VT300,Kim lấy thuốc,Cái,Vật tư tiêu hao,Hãng SX: Việt Nam
NT210021,Kim luồn 18G-Terumo,Chiếc,Vật tư tiêu hao,Hãng SX: Terumo/Philippines
NT240007,Kim luồn 22G dạng bút Healcath,Cái,Vật tư tiêu hao,Hãng SX: Healcath/Ấn độ
VT0057,Kim luồn 22G dạng bút Healcath,Cái,Vật tư tiêu hao,Hãng SX: Healcath
VT0176,Kim luồn cỡ 18-20-22-24 G,Chiếc,Vật tư tiêu hao,Hãng SX: Shree Umiya Surgical Pvt. Ltd/Ấn Độ
VT182,Kim luồn cỡ 18-20-22-24 G,Chiếc,Vật tư tiêu hao,Hãng SX: Shree Umiya Surgical Pvt. Ltd /Ấn Độ
VT002,Kim luồn cỡ 20-22-24 G,Chiếc,Vật tư tiêu hao,Hãng SX: Terumo/Nhật Bản
NT230125,Kim luồn có cánh bướm các cỡ (I.V.Cannula),Cái,Vật tư tiêu hao,Hãng SX: Bbraun/Malaysia
VT0008,Kim luồn có cánh bướm các cỡ (I.V.Cannula),Cái,Vật tư tiêu hao,Hãng SX: Bbraun
VT210093,Kim luồn có cánh bướm các cỡ(I.V.Cannula),Chiếc,Vật tư tiêu hao,Hãng SX: Bbraun/Malaysia
TH0134,Kim luồn có cánh bướm VASOFIX SAFETY 18G-27G,Chiếc,Vật tư tiêu hao,Hãng SX: B.Braun
VT0025,Kim luồn tĩnh mạch ( Surflo I.V.Catheter,Chiếc,Vật tư tiêu hao,Hãng SX: Terumo
VT0026,Kim luồn tĩnh mạch ( Surflo I.V.Catheter,Chiếc,Vật tư tiêu hao,Hãng SX: Terumo
VT0027,Kim luồn tĩnh mạch ( Surflo I.V.Catheter,Chiếc,Vật tư tiêu hao,Hãng SX: Terumo
VT0024,Kim luồn tĩnh mạch ( Surflo I.V.Catheter,Chiếc,Vật tư tiêu hao,Hãng SX: Terumo
VT230011,Kim luồn tĩnh mạch ( SurfLọ I.V.CaThẻter,Chiếc,Vật tư tiêu hao,Hãng SX: Terumo/Philippines
NT240063,Kim luồn tĩnh mạch 22G,Cái,Vật tư tiêu hao,Hãng SX: Biomed
VT260089,Kim luồn tĩnh mạch an toàn không có cổng tiêm thuốc (INTROCAN SAFETY),Cái,Vật tư tiêu hao,Hãng SX: B.Braun Medical Industries Sdn. Bhd / Malaysia | Nước SX: Malaysia
VT210094,Kim luồn tĩnh mạch các cỡ,Chiếc,Vật tư tiêu hao,Hãng SX: Terumo/Philippines
VT183,Kim luồn tĩnh mạch có cánh bướm,Chiếc,Vật tư tiêu hao,Hãng SX: Shree Umiya Surgical Pvt. Ltd /Ấn Độ
VT0177,Kim luồn tĩnh mạch có cánh bướm,Chiếc,Vật tư tiêu hao,Hãng SX: Shree Umiya Surgical Pvt. Ltd /Ấn Độ
VT260061,Kim luồn tĩnh mạch có cánh các số,Chiếc,Vật tư tiêu hao,Hãng SX: Mediplus (India) Limited/ Ấn Độ | Nước SX: Ấn Độ
VT260060,Kim luồn tĩnh mạch có cánh các số,Chiếc,Vật tư tiêu hao,Hãng SX: Mediplus (India) Limited/ Ấn Độ | Nước SX: Ấn Độ
NT260017,Kim luồn tĩnh mạch có cánh các số,Chiếc,Vật tư tiêu hao,Hãng SX: Mediplus (India) Limited | Nước SX: Ấn Độ
VT250008,"Kim luồn tĩnh mạch có cửa có cánh Romed số 14G, 16G, 17G, 18G, 20G, 22G, 24G, 26G",Chiếc,Vật tư tiêu hao,Hãng SX: Van Oostveen Medical B.V;Hà Lan’BL-1020
VT0063,"Kim luồn tĩnh mạch có cửa có cánh Romed số 14G, 16G, 17G, 18G, 20G, 22G, 24G, 26G",Chiếc,Vật tư tiêu hao,Hãng SX: Van Oostveen Medical B.V.
NT210008,Kim luồn tĩnh mạch số 22,Chiếc,Vật tư tiêu hao,Hãng SX: MedipLọn/Ấn Độ
TH0135,Kim luồn tĩnh mạch TERUMO,Chiếc,Vật tư tiêu hao,Hãng SX: Terumo/Nhật Bản
NT0267,Kim luồn tĩnh mạch TERUMO,Chiếc,Vật tư tiêu hao,Hãng SX: Terumo/Nhật Bản
DCYT008,Kìm mang kim,Chiếc,Dụng cụ y tế,Hãng SX: Pakistan
NT220050,Kìm mang kim 16cm,Cái,Dụng cụ y tế,Hãng SX: Prime/Pakistan
NT220051,Kìm mang kim 18cm,Cái,Dụng cụ y tế,Hãng SX: Prime/Pakistan
DCYT030,Kìm mang kim 20cm,Cái,Dụng cụ y tế,Hãng SX: Prime/Pakistan
VT0028,Kim nha khoa (Terumo Dental Needle),Chiếc,Vật tư tiêu hao,"Hãng SX: Asahidai Factory ò Misawa Medical Industry Co.,Ltd"
VT230064,Kim nha khoa (Terumo Dental Needle),Chiếc,Vật tư tiêu hao,"Hãng SX: Asahidai Factory of Misawa Medical Industry Co.,Ltd"
NT220056,Kìm sinh thiết tử cung 28cm,Cái,Dụng cụ y tế,Hãng SX: Prime/Pakistan
TH0192,Kim tê nha khoa DENJECT 27G/S,Chiếc,Vật tư tiêu hao,Hãng SX: Hàn Quốc
VTTHV409,Kim thông lệ đạo,Chiếc,Vật tư tiêu hao,Hãng SX: Pakistan
NT240017,Kim tiêm 23G,Cái,Vật tư tiêu hao,Hãng SX: MPV/Việt Nam
VT0059,Kim tiêm 23G,Cái,Vật tư tiêu hao,Hãng SX: MPV
VT210157,Kim tiêm các cỡ dùng 1 lần,Chiếc,Vật tư tiêu hao,Hãng SX: MPV/Việt Nam
VT210048,Kim tiêm các cỡ dùng 1 lần,Chiếc,Vật tư tiêu hao,Hãng SX: MPV/Việt Nam
VT184,Kim tiêm dịch nhờn ổ khớp cỡ 23G,Chiếc,Vật tư tiêu hao,Hãng SX: Vinahancook/Việt Nam
VT0178,Kim tiêm dịch nhờn ổ khớp cỡ 23G,Chiếc,Vật tư tiêu hao,Hãng SX: Vinahankook/Việt Nam
VT185,Kim tiêm dùng một lần cỡ 18G-27G,Chiếc,Vật tư tiêu hao,Hãng SX: MPV/Việt Nam
VT0179,Kim tiêm dùng một lần cỡ 18G-27G,Chiếc,Vật tư tiêu hao,Hãng SX: MPV/Việt Nam
VT260088,Kim tiêm MPV,Chiếc,Vật tư tiêu hao,Hãng SX: Công ty cổ phần Nhựa y tế Việt Nam/ Việt Nam | Nước SX: Việt Nam
VT0035,Kim tiêm MPV,Chiếc,Vật tư tiêu hao,Hãng SX: Công ty cổ phần nhựa y tế Việt Nam
VT0018,Kim tiêm MPV,Chiếc,Vật tư tiêu hao,Hãng SX: Công ty cổ phần nhựa y tế Việt Nam
NT0266,Kim tiêm MPV,Cái,Vật tư tiêu hao,Hãng SX: MPV/Việt Nam
VT230016,Kim tiêm MPV,Chiếc,Vật tư tiêu hao,Hãng SX: Công ty cổ phần nhựa y tế Việt Nam
TH0070,Kim tiêm MPV,Cái,Vật tư tiêu hao,Hãng SX: MPV/Việt Nam
VT250029,Kim tiêm MPV,Cái,Vật tư tiêu hao,Hãng SX: Công ty cổ phần nhựa y tế Việt Nam | Nước SX: Việt Nam
NT260016,Kim tiêm MPV,Chiếc,Vật tư tiêu hao,Hãng SX: MPV | Nước SX: Việt Nam
VT230061,Kim tiêm MPV,Chiếc,Vật tư tiêu hao,Hãng SX: Công ty cổ phần nhựa y tế Việt Nam
VT260091,Kim tiêm MPV,Chiếc,Vật tư tiêu hao,Hãng SX: Công ty cổ phần Nhựa y tế Việt Nam/ Việt Nam | Nước SX: Việt Nam
VT186,Kim tiêm nội khớp và các điểm bán gân cỡ 25G,Chiếc,Vật tư tiêu hao,Hãng SX: Vinahancook/Việt Nam
VT0180,Kim tiêm nội khớp và các điểm bán gân cỡ 25G,Chiếc,Vật tư tiêu hao,Hãng SX: Vinahankook/Việt Nam
NT0011,Kính bảo hộ - Đài Lọan,Chiếc,Vật tư tiêu hao,Hãng SX: Trung Quốc
NT0302,Kính chắn giọt bắn Bộxtox/Việt Nam,Chiếc,Vật tư tiêu hao,Hãng SX: Việt Nam/Việt Nam
NT210073,Kính che mặt FACE SHIELD,Cái,Vật tư tiêu hao,Hãng SX: Nhật Quang/ Việt Nam - Việt Nam
VT260034,La men Kt: 22 x22mm,Cái,Vật tư tiêu hao,Hãng SX: Citotest/ Trung Quốc | Nước SX: Trung Quốc
NT240047,Lam kính 7102,Miếng,Vật tư tiêu hao,Hãng SX: Jiangsu Huida/ Trung Quốc
NT230101,Lam kính 7102,Chiếc,Vật tư tiêu hao,Hãng SX: Jiangsu Huida/ Trung Quốc
VT230039,Lam kính 7102,Chiếc,Vật tư tiêu hao,Hãng SX: Jiangsu Huida/ Trung Quốc
VT230041,Lam kính 7105,Chiếc,Vật tư tiêu hao,Hãng SX: Jiangsu Huida/ Trung Quốc
NT230102,Lam kính 7105,Chiếc,Vật tư tiêu hao,Hãng SX: Jiangsu Huida/ Trung Quốc
HD020014,Lam kính 7105,Chiếc,Vật tư tiêu hao,Hãng SX: Jiangsu Huida Medical Instruments | Nước SX: Trung Quốc
TH0013,Lam kính hiển vi Slide 7102,Chiếc,Vật tư tiêu hao,Hãng SX: Sail Brand
NT230071,Lam kính mài 7105,Chiếc,Vật tư tiêu hao,Hãng SX: Jiangsu Huida/Trung Quốc
NT240004,Lam kính mài 7105,Cái,Vật tư tiêu hao,Hãng SX: Trustlab - TQ
VT0181,"Lam kính thường 24,5 x 76,2 mm",Hộp,Vật tư tiêu hao,Hãng SX: GLọbalroll/Trung Quốc
VT187,"Lam kính thường 24,5 x 76,2 mm",Hộp,Vật tư tiêu hao,Hãng SX: GLọbalroll/Trung Quốc
VT0312,"Lam kính thường 24,5 x 76,2 mm",Chiếc,Vật tư tiêu hao,Hãng SX: Khac
NT230072,Lam kính thường 7102,Chiếc,Vật tư tiêu hao,Hãng SX: Jiangsu Huida/Trung Quốc
VT210129,"Lam kính thường 7102, 7105",Chiếc,Vật tư tiêu hao,Hãng SX: Jiangsu Huida/Trung Quốc
NT0147,Lamen ( 20x20 ),Hộp,Vật tư tiêu hao,Hãng SX: Đức
VTTH 370,Lamen 20x20mm,Hộp,Vật tư tiêu hao,Hãng SX: Đức
NT230175,Lamen 22x22mm,Cái,Vật tư tiêu hao,Hãng SX: Paul Marienfeld/Đức
NT230064,Lamen kính hiển vi,Hộp,Vật tư tiêu hao,Hãng SX: Đức
VT250028,Lancet tay PT,Cái,Vật tư tiêu hao,Hãng SX: Blood lancet Taizhou Kangjian | Nước SX: Trung Quốc
2020HC96,Lazarus DD đếm bạch cầu,Chai,Hóa chất,
HC18222,Lazarus DD đếm bạch cầu,Chai,Hóa chất,
HC18223,Lazarus DD đếm bạch cầu,Chai,Hóa chất,
HC0025,LDL- Cholesterol,Hộp,Hóa chất,
HC0026,LDL- Cholesterol Calibrator,Hộp,Hóa chất,
HC0138,"LDL-C G.3, 200T, cobas c,Int",test,Hóa chất,
HC18084,LDL-C G3 200T cobas c int,test,Hóa chất,
HC18165,LDL-cholesterol,Hộp,Hóa chất,
2021HC31,LDL-Cholesterol,Hộp,Hóa chất,
2020HC38,LDL-Cholesterol,Hộp,Hóa chất,
HC18166,LDL-Cholesterol Calibrator,Hộp,Hóa chất,
2020HC39,LDL-Cholesterol Calibrator,Hộp,Hóa chất,
2021HC32,LDL-Cholesterol Calibrator,Hộp,Hóa chất,
HC0113,"LH CS GEN.2 ELECSYS,COBAS E",Hộp,Hóa chất,
HC18059,"LH CS GEN.2 ELECSYS,COBAS E",Hộp,Hóa chất,
HC0112,LH RP ELECSYS KIT,test,Hóa chất,
HC18058,LH RP ELECSYS KIT,test,Hóa chất,
2021HC78,LIAISON AFP,Hộp,Hóa chất,
2021HC100,LIAISON Anti-HBc,Hộp,Hóa chất,
2021HC106,LIAISON Anti-HBe,Hộp,Hóa chất,
2021HC94,LIAISON BRAHMS PCT II Gen,Hộp,Hóa chất,
2021HC69,LIAISON CA 125 II,Hộp,Hóa chất,
2021HC70,LIAISON CA 15-3,Hộp,Hóa chất,
2021HC68,LIAISON CA 19-9,Hộp,Hóa chất,
2021HC83,LIAISON Calcitonin II-Gen Control Set,Hộp,Hóa chất,
2021HC62,LIAISON CEA,Hộp,Hóa chất,
2021HC96,LIAISON Control anti-HAV,Hộp,Hóa chất,
2021HC101,LIAISON Control Anti-HBc,Hộp,Hóa chất,
2021HC107,LIAISON Control Anti-HBe,Hộp,Hóa chất,
2021HC95,LIAISON Control BRAHMS PCT II Gen,Hộp,Hóa chất,
2021HC67,LIAISON Control fPSA,Hộp,Hóa chất,
2021HC103,LIAISON Control HBc IgM,Hộp,Hóa chất,
2021HC105,LIAISON Control HBeAg,Hộp,Hóa chất,
2021HC74,LIAISON Control NSE,Hộp,Hóa chất,
2021HC65,LIAISON Control PSA,Hộp,Hóa chất,
2021HC76,LIAISON Control S100,Hộp,Hóa chất,
2021HC72,LIAISON Control TPA,Hộp,Hóa chất,
2021HC92,LIAISON Estradiol II Gen,Hộp,Hóa chất,
2021HC93,LIAISON Estradiol II Gen Control Set,Hộp,Hóa chất,
2021HC66,LIAISON fPSA,Hộp,Hóa chất,
2021HC85,LIAISON FSH,Hộp,Hóa chất,
2021HC112,LIAISON FT3,Hộp,Hóa chất,
2021HC114,LIAISON FT4,Hộp,Hóa chất,
2021HC97,LIAISON HAV IgM,Hộp,Hóa chất,
2021HC102,LIAISON HBc IgM,Hộp,Hóa chất,
2021HC104,LIAISON HBeAg,Hộp,Hóa chất,
2021HC84,LIAISON LH,Hộp,Hóa chất,
2021HC122,LIAISON Light Check 12,Hộp,Hóa chất,
2021HC63,LIAISON Multi-Control Tumour Markers,Hộp,Hóa chất,
2021HC73,LIAISON NSE,Hộp,Hóa chất,
2021HC88,LIAISON Progesterone II Gen,Hộp,Hóa chất,
2021HC89,LIAISON Progesterone II Gen Control Set,Hộp,Hóa chất,
2021HC86,LIAISON Prolactin xt,Hộp,Hóa chất,
2021HC64,LIAISON PSA,Hộp,Hóa chất,
2021HC75,LIAISON S100,Hộp,Hóa chất,
2021HC77,LIAISON S100 Cal (low/high),Hộp,Hóa chất,
2021HC111,LIAISON T3,Hộp,Hóa chất,
2021HC113,LIAISON T4,Hộp,Hóa chất,
2021HC90,LIAISON Testosterone,Hộp,Hóa chất,
2021HC91,LIAISON Testosterone Control Set,Hộp,Hóa chất,
2021HC80,Liaison TG II Gen,Hộp,Hóa chất,
2021HC81,Liaison TG II Gen Control,Hộp,Hóa chất,
2021HC71,LIAISON TPA-M,Hộp,Hóa chất,
2021HC110,LIAISON TSH,Hộp,Hóa chất,
2021HC123,LIAISON XL Cleaning Tool,Hộp,Hóa chất,
2021HC79,LIAISON XL HCG,Hộp,Hóa chất,
2021HC109,LIAISON XL murex Control HCV Ab,Hộp,Hóa chất,
2021HC108,LIAISON XL murex HCV Ab,Hộp,Hóa chất,
2021HC118,LIAISON XL Starter Kit,Hộp,Hóa chất,
2021HC82,LIAISON β2-Microglobulin,Hộp,Hóa chất,
2021HC98,LIAISON® Control HAV IgM,Hộp,Hóa chất,
2021HC115,LIAISON® Control Thyroid 1,Hộp,Hóa chất,
2021HC116,LIAISON® Control Thyroid 2,Hộp,Hóa chất,
2021HC117,LIAISON® Control Thyroid 3,Hộp,Hóa chất,
2021HC119,LIAISON® Wash/System liquid,Hộp,Hóa chất,
2021HC121,LIAISON® XL Cuvettes,Hộp,Hóa chất,
2021HC120,LIAISON® XL Disposable Tips,Hộp,Hóa chất,
2021HC99,LIAISON® XL Murex anti-HBs II Plus,Hộp,Hóa chất,
TH0007,Lọ đựng bệnh phẩm HTM,Lọ,Vật tư tiêu hao,Hãng SX: Việt Nam
NT0181,Lọ đựng bệnh phẩm và lấy mẫu có thìa,Chiếc,Vật tư tiêu hao,Hãng SX: Việt Nam
VT230050,Lọ đựng mẫu bệnh phẩm 50ml,Lọ,Vật tư tiêu hao,Hãng SX: Đất Việt Thành/Việt Nam - Việt Nam
VT210130,Lọ nước tiểu 50ml,Lọ,Vật tư tiêu hao,Hãng SX: Hồng Thiện Mỹ/Việt Nam - Việt Nam
VT188,Lọ nước tiểu nhựa 30ml,Chiếc,Vật tư tiêu hao,Hãng SX: Việt Nam
VT0182,Lọ nước tiểu nhựa 30ml,Chiếc,Vật tư tiêu hao,Hãng SX: Việt Nam
NT260004,"Lugol, 500ml/ Vn",Chai,Vật tư tiêu hao,Hãng SX: Việt Nam | Nước SX: Việt Nam
NT230159,Lưỡi dao mổ,Cái,Vật tư tiêu hao,Hãng SX: Kehr/Ấn Độ
VT189,Lưỡi dao mổ cỡ số 10,Chiếc,Vật tư tiêu hao,Hãng SX: Kiato/Ấn Độ
VT0183,Lưỡi dao mổ cỡ số 10,Chiếc,Vật tư tiêu hao,Hãng SX: Kiato/Ấn Độ
VT190,Lưỡi dao mổ cỡ số 11,Chiếc,Vật tư tiêu hao,Hãng SX: Kiato/Ấn Độ
VT0184,Lưỡi dao mổ cỡ số 11,Chiếc,Vật tư tiêu hao,Hãng SX: Kiato/Ấn Độ
VT0185,Lưỡi dao mổ cỡ số 12,Chiếc,Vật tư tiêu hao,Hãng SX: Kiato/Ấn Độ
VT191,Lưỡi dao mổ cỡ số 12,Chiếc,Vật tư tiêu hao,Hãng SX: Kiato/Ấn Độ
VT192,Lưỡi dao mổ cỡ số 15,Chiếc,Vật tư tiêu hao,Hãng SX: Kiato/Ấn Độ
VT0186,Lưỡi dao mổ cỡ số 15,Chiếc,Vật tư tiêu hao,Hãng SX: Kiato/Ấn Độ
VT193,Lưỡi dao mổ cỡ số 20,Chiếc,Vật tư tiêu hao,Hãng SX: Kiato/Ấn Độ
VT0187,Lưỡi dao mổ cỡ số 20,Chiếc,Vật tư tiêu hao,Hãng SX: Kiato/Ấn Độ
VT194,Lưỡi dao mổ cỡ số 21,Chiếc,Vật tư tiêu hao,Hãng SX: Kiato/Ấn Độ
VT0188,Lưỡi dao mổ cỡ số 21,Chiếc,Vật tư tiêu hao,Hãng SX: Kiato/Ấn Độ
VT195,Lưỡi dao mổ cỡ số 23,Chiếc,Vật tư tiêu hao,Hãng SX: Kiato/Ấn Độ
VT0189,Lưỡi dao mổ cỡ số 23,Chiếc,Vật tư tiêu hao,Hãng SX: Kiato/Ấn Độ
NT0251,Lưỡi dao mổ số 11,Cái,Vật tư tiêu hao,Hãng SX: Ấn độ
NT230148,Lưỡi dao mổ số 11,Chiếc,Vật tư tiêu hao,Hãng SX: Kehr/Ấn Độ
VT250048,Lưỡi dao mổ số 11,Cái,Vật tư tiêu hao,Hãng SX: Kitato; Kehr | Nước SX: Ấn Độ
VT230104,Lưỡi dao mổ số 11,Chiếc,Vật tư tiêu hao,Hãng SX: Kehr/Ấn Độ
NT230098,Lưỡi dao mổ số 11,Chiếc,Vật tư tiêu hao,Hãng SX: Kehr/Ấn Độ
NT220115,Lưỡi dao mổ số 11,Cái,Vật tư tiêu hao,Hãng SX: Kehr/Ấn Độ
NT240006,Lưỡi dao mổ số 11 Doctor,Cái,Vật tư tiêu hao,Hãng SX: Doctor - Ấn Độ - India
NT0221,Lưỡi dao mổ số 11 Kiato/Ấn Độ,Cái,Vật tư tiêu hao,Hãng SX: Ấn độ
VT250049,Lưỡi dao mổ số 15,Cái,Vật tư tiêu hao,Hãng SX: Kitato; Kehr | Nước SX: Ấn Độ
VT230119,Lưỡi dao mổ số 15,Chiếc,Vật tư tiêu hao,Hãng SX: Kehr/Ấn Độ
NT0249,Lưỡi dao mổ số 21,Cái,Vật tư tiêu hao,Hãng SX: Ấn độ
VT250050,Lưỡi dao mổ số 21,Cái,Vật tư tiêu hao,Hãng SX: Kitato; Kehr | Nước SX: Ấn Độ
NT220116,Lưỡi dao mổ số 21,Cái,Vật tư tiêu hao,Hãng SX: Kehr/Ấn Độ
NT0220,Lưỡi dao mổ số 21 Kiato/ Ấn Độ,Cái,Vật tư tiêu hao,Hãng SX: Ấn độ
VT260002,Ly giấy trơn 6OZ,Cái,Vật tư tiêu hao,Hãng SX: Hunufa | Nước SX: Việt Nam
Vt260003,Ly nhựa 220ml,Cái,Vật tư tiêu hao,Hãng SX: Hunufa | Nước SX: Việt Nam
VT230040,Ly nhựa PP 200ml,Cốc,Vật tư tiêu hao,Hãng SX: Hunafa - Việt Nam
2020HC97,Macccano (DD đếm hồng cầu),Chai,Hóa chất,
KN2020HC02,Maconkey Agar,Chai,Hóa chất,
KN2020HC06,Maconkey Broth Purple w/BCP,Chai,Hóa chất,
VT0190,Màng bọc máy laser nội mạch không xâm lấn,Hộp,Vật tư tiêu hao,Hãng SX: Việt Nam
VT196,Màng bọc máy laser nội mạch không xâm lấn,Hộp,Vật tư tiêu hao,Hãng SX: Việt Nam
VT230005,Màng bọc thực phẩm,Hộp,Vật tư tiêu hao,Hãng SX: EUFOOD WRAP
NT250010,Màng bọc thực phẩm,Cuộn,Vật tư tiêu hao,
NT220105,Màng bọc thực phẩm,Cuộn,Vật tư tiêu hao,Hãng SX: Oba Food/Đồng Tâm /Việt Nam
NT230073,Màng bọc thực phẩm,Cuộn,Vật tư tiêu hao,Hãng SX: Oba Wrap - Việt Nam
VT0313,Màng bọc thực phẩm (PVC) cỡ 45cm,Cuộn,Vật tư tiêu hao,Hãng SX: Khac
VT0191,Màng bọc thực phẩm (PVC) cỡ 45cm,Hộp,Vật tư tiêu hao,Hãng SX: Food warp/Việt Nam
VT197,Màng Bộ̣c thực phẩm (PVC) cỡ 45cm,Hộp,Vật tư tiêu hao,Hãng SX: Food warp/Việt Nam
VT210049,Màng bọc thực phẩm 45cm,Hộp,Vật tư tiêu hao,Hãng SX: Việt Nam
TH0016,Màng bọc thực phẩm 45cm,Hộp,Vật tư tiêu hao,Hãng SX: Laspalms
NT240043,Màng bọc thực phẩm PVC (Mwap) 45cmx250m,Hộp,Vật tư tiêu hao,Hãng SX: EUFOOD WRAP
VT260009,Màng bọc thực phẩm R600 ( 45cm x 600),Cuộn,Vật tư tiêu hao,Hãng SX: Hunufa | Nước SX: Việt Nam
VT0320,Màng bơm chân không máy AU400 (Diaphram),Chiếc,Vật tư tiêu hao,Hãng SX: Beckman Couter/Nhật
VT0192,Màng cao su (tán sỏi),Chiếc,Vật tư tiêu hao,Hãng SX: Comed/Hàn Quốc
VT198,Màng cao su (tán sỏi),Chiếc,Vật tư tiêu hao,Hãng SX: Comed/Hàn Quốc
VT199,Màng phim cố định tiêm truyền cỡ 6x7cm,Hộp,Vật tư tiêu hao,Hãng SX: Everaid/Hàn Quốc
VT0193,Màng phim cố định tiêm truyền cỡ 6x7cm,Chiếc,Vật tư tiêu hao,Hãng SX: Everaid/Hàn Quốc
VT0194,Màng phim cố định tiêm truyền cỡ 8x10cm,Chiếc,Vật tư tiêu hao,Hãng SX: Everaid/Hàn Quốc
VT200,Màng phim cố định tiêm truyền cỡ 8x10cm,Hộp,Vật tư tiêu hao,Hãng SX: Everaid/Hàn Quốc
HC0214,Manitol salt agar,Chai,Hóa chất,
2024MTKN3,mannitol Salt agar Base,Lọ,Hóa chất,
NT210110,MAP Permethrin 60EC,Lít,Vật tư tiêu hao,Hãng SX: ÚC
NT0063,"Map Permethrin 60EC Xuất xứ: Hockley, Anh Quốc",Lít,Vật tư tiêu hao,Hãng SX: Hockley
VT201,"Mask khí dung cỡ XL,L,M,S",Chiếc,Vật tư tiêu hao,Hãng SX: Mega-Trung Quốc
VT0195,"Mask khí dung cỡ XL,L,M,S",Chiếc,Vật tư tiêu hao,Hãng SX: Mega/Trung Quốc
VT202,"Mask thở bóng bóp cỡ XL,L,M,S",Chiếc,Vật tư tiêu hao,Hãng SX: NingBộ Bộya-Trung Quốc
VT0196,"Mask thở bóng bóp cỡ XL,L,M,S",Chiếc,Vật tư tiêu hao,Hãng SX: NingBộ Bộya/Trung Quốc
VT0197,"Mask thở oxy cỡ XL,L,M,S",Chiếc,Vật tư tiêu hao,Hãng SX: Mega-Trung Quốc
VT203,"Mask thở oxy cỡ XL,L,M,S",Chiếc,Vật tư tiêu hao,Hãng SX: Mega-Trung Quốc
NT230044,Mặt gương Prime,Cái,Dụng cụ y tế,Hãng SX: Pakistan
NT230086,Mặt nạ khí dung,Cái,Vật tư tiêu hao,Hãng SX: Greetmed/Trung Quốc
VT0007,Mặt nạ khí dung,Cái,Vật tư tiêu hao,Hãng SX: Ningbo Greetmed Medical Instruments Co.; Ltd
NT230118,Mặt nạ khí dung,Cái,Vật tư tiêu hao,Hãng SX: NingBộ Greet med TQ
NT230147,Mặt nạ khí dung,Bộ,Vật tư tiêu hao,Hãng SX: Henso Medical/Trung Quốc
TH0186,Mặt nạ khí dung,Bộ,Vật tư tiêu hao,Hãng SX: MPV/Việt Nam
VT210050,Mặt nạ khí dung,Bộ,Vật tư tiêu hao,Hãng SX: MPV/Việt Nam
VT230105,Mặt nạ khí dung,Bộ,Vật tư tiêu hao,Hãng SX: Henso Medical/Trung Quốc
VT250069,Mặt nạ khí dung,Cái,Vật tư tiêu hao,"Hãng SX: Guangdong Ecan Medical Co., Ltd | Nước SX: Trung Quốc"
NT220031,Mặt nạ khí dung ( Mask khí dung),Cái,Vật tư tiêu hao,Hãng SX: NingBộ Greet med TQ
TH0185,Mặt nạ oxy,Bộ,Vật tư tiêu hao,Hãng SX: MPV/Việt Nam
NT0200,Mặt nạ Oxy,Bộ,Vật tư tiêu hao,Hãng SX: MPV/Việt Nam
VT0052,Mặt nạ thở oxy,Bộ,Vật tư tiêu hao,Hãng SX: Henso Medical
VT210149,Mặt nạ thở oxy,Bộ,Vật tư tiêu hao,Hãng SX: MPV/Việt Nam
VT230080,Mặt nạ thở oxy,Bộ,Vật tư tiêu hao,Hãng SX: Henso Medical/Trung Quốc
VT323,Mặt nạ thở Oxy(Người lớn),Bộ,Vật tư tiêu hao,Hãng SX: MPV/Việt Nam
VTTH400,Máy châm cứu 6 giắc mỗi giắc 2 kim,Chiếc,Vật tư tiêu hao,Hãng SX: Trung Quốc
NT0047,Máy châm cứu 6 giắc mỗi giắc 2 kim( Model: KWD - 808I; Hãng sản xuất: Trung Quốc,Chiếc,Vật tư tiêu hao,Hãng SX: Trung Quốc
VT230003,Máy châm cứu(Máy điện châm),Chiếc,Thiết bị y tế,"Hãng SX: Wujin Greatwall Medical Device Co., Ltd Changzhou/Trung Quốc"
VT204,Máy điện châm 5 kênh,Chiếc,Vật tư tiêu hao,Hãng SX: Y tế HN/Việt Nam
VT0198,Máy điện châm 5 kênh,Chiếc,Vật tư tiêu hao,Hãng SX: Y tế HN/Việt Nam
NT210003,Máy điện châm 5 kênh,Chiếc,Vật tư tiêu hao,Hãng SX: Medicine/Việt Nam
TH0231,Máy điện châm 5 kênh,Chiếc,Vật tư tiêu hao,Hãng SX: Việt Nam
VT210131,Máy điện châm 6 kênh,Chiếc,Thiết bị y tế,Hãng SX: Wujin Great Wall/Trung Quốc
TH0238,Máy điện châm 6 kênh ( có mát xa),Chiếc,Thiết bị y tế,Hãng SX: Trung Quốc
VT205,Máy điện châm 6 kênh (có mát xa),Chiếc,Vật tư tiêu hao,"Hãng SX: Wujin Greatwall Medical Device Co., Ltd Changzhou - Trung Quốc"
VT0199,Máy điện châm 6 kênh (có mát xa),Chiếc,Vật tư tiêu hao,"Hãng SX: Wujin Greatwall Medical Device Co., Ltd Changzhou/Trung Quốc"
NT230194,Máy đo đường huyết Uright TD4279,Cái,Thiết bị y tế,Hãng SX: Uright
NT0281,Máy đo huyết áp bắp tay Omron - JPN600,Chiếc,Thiết bị y tế,Hãng SX: Nhật Bản
NT0275,Máy đo nhiệt độ,Cái,Dụng cụ y tế,Hãng SX: Italy
NT230065,"Máy đo nhiệt độ (Model: VISIOFOCUS 06400;Tecnimed S.r.I,Italia)",Cái,Dụng cụ y tế,Hãng SX: Italy
NT220008,Máy đo nồng độ cồn. Model: DA-9000-Hàn Quốc,Chiếc,Thiết bị y tế,Hãng SX: Alcofind/Hàn Quốc
NT210064,Máy đo nồng độ oxy SPO2. HSX: Contec/TQ. Model: CMS50D1,Cái,Thiết bị y tế,Hãng SX: Trung Quốc
NT210099,Máy đo nồng độ Oxy trong máu SPO2. Model: IOM-A6.SX:TQ,Chiếc,Thiết bị y tế,Hãng SX: Trung Quốc
NT240045,Máy ép tốc độ nhanh-Promix,Cái,Dụng cụ y tế,Hãng SX: Promix
NT210051,Máy hàn miệng túi dập tay. Model:PFS 400/Trung Quốc,Chiếc,Thiết bị y tế,Hãng SX: Trung Quốc
NT0116,Máy hút chân không Sunhouse SHD5855,Chiếc,Thiết bị y tế,Hãng SX: Trung Quốc
TBYT003,Máy hút dịch 2 bình 7A23D,Chiếc,Thiết bị y tế,Hãng SX: Trung Quốc
NT210055,Máy hút dịch 2 bình 7A23D(TQ),Chiếc,Thiết bị y tế,Hãng SX: Trung Quốc
NT210054,Máy hút dịch 2 bình 9A-26D(TQ),Chiếc,Thiết bị y tế,Hãng SX: Trung Quốc
NT220106,Máy khí dung C28,Cái,Thiết bị y tế,Hãng SX: Omron/Trung Quốc
TBYT001,Máy khí dung NeC900,Chiếc,Thiết bị y tế,Hãng SX: Trung Quốc
NT230066,Máy khí dung Omron NE - C28,Bộ,Thiết bị y tế,Hãng SX: Thương hiệu Nhật Bản
NT230063,Máy khí dung OmronNE - C28,Bộ,Thiết bị y tế,Hãng SX: Thương hiệu Nhật Bản
NT0079,Máy khử khuẩn không khí. Model: NV800. Hsx: NOVAERUS. Xuất xứ: ireland,Cái,Thiết bị y tế,Hãng SX: Ireland
VTTH406,Máy Nhiệt ẩm kế DWL -20,Chiếc,Vật tư tiêu hao,Hãng SX: Yowexa/ Trung Quốc
NT0293,Máy phun hóa chất phòng dịch,Cái,Thiết bị y tế,Hãng SX: Đức
NT0044,Máy phun ULV PD và phụ kiện bảo hộ kèm Thẻo,Cái,Thiết bị y tế,Hãng SX: Đức
NT210095,Máy theo dõi bệnh nhân xách tay. Model: MPP. NSX: Cộng hòa Belarus,Chiếc,Vật tư tiêu hao,
NT210096,Máy theo dõi bệnh nhân. Model: M-300-15. NSX: Cộng hòa Belarus,Chiếc,Vật tư tiêu hao,
NT0233,Máy thử đường huyết Uright,Chiếc,Thiết bị y tế,Hãng SX: taiwan
NT210023,"Máy vật lý tri liệu Goldlife, Model: GL-16",Cái,Thiết bị y tế,Hãng SX: Việt Nam
NT0151,Máy vật lý trị liệu MF5 - 08,Chiếc,Thiết bị y tế,Hãng SX: Việt Nam
DCYT005,Meche họng,Cuộn,Dụng cụ y tế,Hãng SX: Việt Nam
DCYT004,Meche Mũi,Cuộn,Dụng cụ y tế,Hãng SX: Việt Nam
DCYT006,Meche tai,Cuộn,Dụng cụ y tế,Hãng SX: Việt Nam
NT230105,Merocel,Hộp,Vật tư tiêu hao,Hãng SX: Medtronic/Mỹ
DCYT007,Merocell,Hộp,Dụng cụ y tế,Hãng SX: Trung Quốc
NT260003,"Methylene blue, 500ml/ Vn",Chai,Vật tư tiêu hao,Hãng SX: Việt Nam | Nước SX: Việt Nam
NT220068,Micropipet 5ml - AHN - Đức,Chiếc,Vật tư tiêu hao,Hãng SX: AHN - Đức
VT260069,"Microscope slide, 7105",Miếng,Vật tư tiêu hao,"Hãng SX: Zhejiang Renon Medical Instrument Co.,Ltd/ Trung Quốc | Nước SX: Trung Quốc"
VT206,Miếng cầm máu mũi Merocell,Chiếc,Vật tư tiêu hao,Hãng SX: Lọhmann & Rauscher/Đức
VT0200,Miếng cầm máu mũi Merocell,Chiếc,Vật tư tiêu hao,Hãng SX: Lọhmann & Rauscher/Đức
VT207,Miếng cầm máu tự tiêu Surgicel,Miếng,Vật tư tiêu hao,Hãng SX: Aegis Lifesciences/Ấn Độ
VT0201,Miếng cầm máu tự tiêu Surgicel,Miếng,Vật tư tiêu hao,Hãng SX: Aegis Lifesciences/Ấn Độ
NT240037,Miếng cao su xốp bọc đệm cực kích thước 80x120mm phụ kiện của máy điện phân dẫn thuốc IONO BASE+,Chiếc,Vật tư tiêu hao,Hãng SX: Led Spa/Italy
NT240036,Miếng cao su xốp bọc điện cực kích thước 50x50mm phụ kiện của máy điện phân dẫn thuốc IONO BASE+,Chiếc,Vật tư tiêu hao,Hãng SX: Led Spa/Italy
VT299,Miếng dán điện cực,Cái,Vật tư tiêu hao,Hãng SX: Việt Nam
NT210060,Miếng dán điện cực-TQ,Đôi,Vật tư tiêu hao,Hãng SX: Trung Quốc
NT0124,Miếng dán điện cực dùng cho dao mổ điện covidien/usa,Chiếc,Vật tư tiêu hao,Hãng SX: Mỹ
NT220078,Miếng dán điện cực máy Holter điện tâm đồ,Miếng,Vật tư tiêu hao,Hãng SX: Leonhard Lang GmbH/Áo
NT0166,Miếng dán điện cực Monitor,Miếng,Vật tư tiêu hao,Hãng SX: Trung Quốc
NT210056,Miếng dán điện cực ngực máy ABI (Nhật),Miếng,Vật tư tiêu hao,Hãng SX: Nhật Bản
NT0006,Miếng dán điện cực ngực máy ABI/ Nhật,Miếng,Vật tư tiêu hao,Hãng SX: Nhật Bản
VT230044,Miếng dán điện cực tim,Đôi,Vật tư tiêu hao,Hãng SX: Fiab/Italia - Italy
NT230106,Miếng dán điện cực tim,Miếng,Vật tư tiêu hao,"Hãng SX: NingBộ Sintrue Medical Instruments Co.,Ltd; Trung Quốc"
VT250070,Miếng dán điện cực tim,Miếng,Vật tư tiêu hao,"Hãng SX: Ningbo Great Mountain Medical Instrument Co., Ltd | Nước SX: Trung Quốc"
TH0146,Miếng dán điện cực tim monitor SKINTACT F-601,Miếng,Vật tư tiêu hao,Hãng SX: SKINTACT
NT240002,Miếng dán điện xung,Miếng,Vật tư tiêu hao,Hãng SX: Trung Quốc
NT230074,Miếng dán điện xung,Cặp,Vật tư tiêu hao,Hãng SX: Aukewel - Trung Quốc
NT240062,Miếng dán điện xung,Miếng,Vật tư tiêu hao,Hãng SX: Wujin Great Wall/Trung Quốc - Trung Quốc
NT220076,Miếng dán điện xung - Trung Quốc,Chiếc,Vật tư tiêu hao,Hãng SX: Trung Quốc
NT0096,Miếng dán điện xung máy điện châm; 2 cái/ cặp. Trung Quốc,Cặp,Vật tư tiêu hao,Hãng SX: Trung Quốc
NT230015,Miếng dán Holter điện tim,Cái,Vật tư tiêu hao,Hãng SX: Leonhard Lang GmbH/Áo
NT230087,Miếng dán Hotler tim-Túi 30 miếng-Skintact-Áo,Cái,Vật tư tiêu hao,Hãng SX: SKINTACT
NT0098,Miếng dán vật lý trị liệu 2 cái/ cặp ( VN),Cặp,Vật tư tiêu hao,Hãng SX: Việt Nam
VT0202,Miếng đắp thuốc,Miếng,Vật tư tiêu hao,Hãng SX: Việt Nam/Việt Nam
VT208,Miếng đắp thuốc,Miếng,Vật tư tiêu hao,Hãng SX: Việt Nam
NT210035,Miếng đắp thuốc-VN,Miếng,Vật tư tiêu hao,Hãng SX: Việt Nam
NT250013,Miếng xung điện 2 cái/cặp - Vn,Cặp,Vật tư tiêu hao,Nước SX: Việt Nam
NT230024,Mỏ vịt inox-Prime tech,Cái,Dụng cụ y tế,Hãng SX: Prime Tech - Pakistan
TH0211,Mỏ vịt MPV,Cái,Vật tư tiêu hao,Hãng SX: MPV/Việt Nam
VT210052,Mỏ vịt nhựa,Cái,Vật tư tiêu hao,Hãng SX: MPV/Việt Nam - Việt Nam
VT0203,Mỏ vịt nhựa các cỡ,Chiếc,Vật tư tiêu hao,Hãng SX: 3A/Việt Nam
VT209,Mỏ vịt nhựa các cỡ,Chiếc,Vật tư tiêu hao,Hãng SX: Vinahancook
NT220036,Móc vòng,Cái,Dụng cụ y tế,Hãng SX: Prime/Pakistan
HCKN.19.06,Môi trường lỏng Macconkey,Chai,Hóa chất,
HCKN.19.05,Môi trường lỏng Rappaport Vasiliadis Salmonella,Chai,Hóa chất,
NT0001,Mũ điện nào Nhật (Nihonkonden),Cái,Vật tư tiêu hao,Hãng SX: Nhật Bản
VT230103,Mũ phẫu thuật,Cái,Vật tư tiêu hao,Hãng SX: Memco/Việt Nam - Việt Nam
VT210053,"Mũ phẫu thuật ( nam, nữ)",Cái,Vật tư tiêu hao,Hãng SX: Memco/Việt Nam
TH0028,Mũ phẫu thuật ( nữ ),Cái,Vật tư tiêu hao,Hãng SX: Memco/Việt Nam
VT210,Mũ y tế (nón phẫu thuật),Chiếc,Vật tư tiêu hao,Hãng SX: Bảo Thạch/Việt Nam
VT0204,Mũ y tế (nón phẫu thuật),Chiếc,Vật tư tiêu hao,Hãng SX: Bảo Thạch/Việt Nam
VT0205,Mực đo nhãn áp,Lọ,Vật tư tiêu hao,Hãng SX: Viện Mắt/Việt Nam
VT211,Mực đo nhãn áp,Lọ,Vật tư tiêu hao,Hãng SX: Viện Mắt/Việt Nam
VT210113,Mũi dũa tủy 21mm-25mm,Cái,Vật tư tiêu hao,Hãng SX: Mani/Nhật Bản
NT0286,Mũi lấy cao răng máy siêu âm đầu nhỏ,Chiếc,Dụng cụ y tế,Hãng SX: Trung Quốc
VT210114,Mũi lentuno,Cái,Vật tư tiêu hao,Hãng SX: Mani/Nhật Bản
TH0242,Mũi lentuno PASTE CARRIER,Cái,Dụng cụ y tế,Hãng SX: Nhật Bản
VT210115,Mũi nong tủy 21mm,Cái,Vật tư tiêu hao,Hãng SX: Mani/Nhật Bản
VT210116,Mũi nong tủy 25mm,Cái,Vật tư tiêu hao,Hãng SX: Mani/Nhật Bản
TH0243,Mũi nong tủy K-FILES MANI 21mm,Cái,Dụng cụ y tế,Hãng SX: Nhật Bản
TH0244,Mũi nong tủy K - FILES MANI 25mm,Cái,Dụng cụ y tế,Hãng SX: Nhật Bản
NT250011,Multi-Drug Screen Test panel (Urine),test,Vật tư tiêu hao,Hãng SX: Testsealabs | Nước SX: Trung Quốc
HC0174,"NACL 9% DIL, COBAS C",Hộp,Hóa chất,
HC18120,"NACL 9% DIL, COBAS C",Hộp,Hóa chất,
HC18118,"NAOH-D, COBAS C",Hộp,Hóa chất,
HC0172,"NAOH-D, COBAS C",Hộp,Hóa chất,
HC18116,"NAOH-D/BASIC WASH 2x1,8L",Hộp,Hóa chất,
HC0170,"NAOH-D/BASIC WASH 2x1,8L",Hộp,Hóa chất,
VT260045,Nebulizer with Aerosol Mask,Cái,Vật tư tiêu hao,"Hãng SX: Bonree Medical Co., Ltd/ Trung Quốc | Nước SX: Trung Quốc"
VT0206,Nẹp cẳng bàn chân,Bộ,Vật tư tiêu hao,Hãng SX: Trường Thịnh/Việt Nam
VT212,Nẹp cẳng bàn chân,Bộ,Vật tư tiêu hao,Hãng SX: Trường Thịnh/Việt Nam
VT0207,Nẹp cẳng bàn tay,Bộ,Vật tư tiêu hao,Hãng SX: Trường Thịnh/Việt Nam
VT213,Nẹp cẳng bàn tay,Bộ,Vật tư tiêu hao,Hãng SX: Trường Thịnh/Việt Nam
VT214,Nẹp cổ,Bộ,Vật tư tiêu hao,Hãng SX: Orbe/Việt Nam
VT0208,Nẹp cổ,Bộ,Vật tư tiêu hao,Hãng SX: Orbe/Việt Nam
VT0209,Nẹp đùi cẳng bàn chân cỡ M-L,Bộ,Vật tư tiêu hao,Hãng SX: Orbe/Việt Nam
VT215,Nẹp đùi cẳng bàn chân cỡ M-L,Bộ,Vật tư tiêu hao,Hãng SX: Orbe/Việt Nam
VT0211,Nẹp gỗ cố định cỡ 10cm x 100cm,Chiếc,Vật tư tiêu hao,Hãng SX: Việt Nam
VT217,Nẹp gỗ cố định cỡ 10cm x 100cm,Chiếc,Vật tư tiêu hao,Hãng SX: Việt Nam
VT0353,Nẹp gỗ cố định cỡ 10cm x 100cm,Chiếc,Vật tư tiêu hao,Hãng SX: Việt Nam
VT216,Nẹp gỗ cố định cỡ 10cm x 30cm,Chiếc,Vật tư tiêu hao,Hãng SX: Việt Nam
VT0210,Nẹp gỗ cố định cỡ 10cm x 30cm,Chiếc,Vật tư tiêu hao,Hãng SX: Việt Nam
VT218,Nẹp gỗ cố định cỡ 10cm x 40cm,Chiếc,Vật tư tiêu hao,Hãng SX: Việt Nam
VT0212,Nẹp gỗ cố định cỡ 10cm x 40cm,Chiếc,Vật tư tiêu hao,Hãng SX: Việt Nam
VT219,Nẹp gỗ cố định cỡ 10cm x 50cm,Chiếc,Vật tư tiêu hao,Hãng SX: Việt Nam
VT0213,Nẹp gỗ cố định cỡ 10cm x 50cm,Chiếc,Vật tư tiêu hao,Hãng SX: Việt Nam
VT220,Nẹp gỗ cố định cỡ 10cm x 60cm,Chiếc,Vật tư tiêu hao,Hãng SX: Việt Nam
VT0214,Nẹp gỗ cố định cỡ 10cm x 60cm,Chiếc,Vật tư tiêu hao,Hãng SX: Việt Nam
VT0352,Nẹp gỗ cố định cỡ 10cm x 60cm,Chiếc,Vật tư tiêu hao,Hãng SX: Việt Nam
VT0215,Nẹp gỗ cố định cỡ 10cm x 80cm,Chiếc,Vật tư tiêu hao,Hãng SX: Việt Nam
VT221,Nẹp gỗ cố định cỡ 10cm x 80cm,Chiếc,Vật tư tiêu hao,Hãng SX: Việt Nam
VT222,Nẹp gối,Bộ,Vật tư tiêu hao,Hãng SX: Trường Thịnh/Việt Nam
VT0216,Nẹp gối,Bộ,Vật tư tiêu hao,Hãng SX: Trường Thịnh/Việt Nam
VT0217,Nẹp ngón insulin,Chiếc,Vật tư tiêu hao,Hãng SX: Orbe/Việt Nam
VT223,Nẹp ngón insulin,Chiếc,Vật tư tiêu hao,Hãng SX: Orbe/Việt Nam
VT230027,NERGIZER MAX AA® BATTERIES,Đôi,Vật tư tiêu hao,Hãng SX: Energizer/Singapore - Singapore
VT230068,NERGIZER MAX AAA® BATTERIES,Đôi,Vật tư tiêu hao,Hãng SX: Energizer/Singapore - Singapore
NT0234,Ngải miếng,Miếng,Vật tư tiêu hao,Hãng SX: Trung Quốc
NT240042,Ngải miếng,Hộp,Vật tư tiêu hao,Hãng SX: Xiangyang/ Trung Quốc
HC18137,NH3/ETH/CO2 CALIBRATOR,Hộp,Hóa chất,
HC0194,NH3/ETH/CO2 CALIBRATOR,Hộp,Hóa chất,
HC0196,NH3/ETH/CO2 Control A,Hộp,Hóa chất,
HC18139,NH3/ETH/CO2 Control A,Hộp,Hóa chất,
HC0195,NH3/ETH/CO2 CONTROL N,Hộp,Hóa chất,
HC18138,NH3/ETH/CO2 CONTROL N,Hộp,Hóa chất,
VT260005,Nhang ngải cứu,Điếu,Vật tư tiêu hao,Hãng SX: Tuệ hải Đường | Nước SX: Việt Nam
VT230137,Nhang ngải cứu,Điếu,Vật tư tiêu hao,Hãng SX: Bách Chi
TBYT038,Nhiệt ẩm kế điện tử TT-580(Tanita),Chiếc,Thiết bị y tế,Hãng SX: Tanita/ Trung Quốc
NT240044,Nhiệt ẩm kế TH05,Cái,Vật tư tiêu hao,Hãng SX: Apech
TBYT039,Nhiệt ẩm kế TT-513(Tanita),Chiếc,Thiết bị y tế,Hãng SX: Tanita/ Trung Quốc
NT210065,Nhiệt kế đo trán hồng ngoại. HSX: Omron/TQ. Model: MC-720,Cái,Thiết bị y tế,Hãng SX: Trung Quốc
NT0010,Nhiệt kế đo trán TH 1003 Lai Ca - Italia,Chiếc,Vật tư tiêu hao,Hãng SX: Italy
VT0218,Nhiệt kế Hg 35-42°,Chiếc,Vật tư tiêu hao,Hãng SX: Aurora/Trung quốc
VT224,Nhiệt kế Hg 35-42°,Chiếc,Vật tư tiêu hao,Hãng SX: Aurora/ Trung quốc
NT0008,Nhiệt kế hồng ngoại đo nhanh ở trán Omron MC720,Chiếc,Vật tư tiêu hao,Hãng SX: Trung Quốc
NT0173,Nhiệt kế hồng ngoại đo trán Microlife FR1MF1,Chiếc,Thiết bị y tế,Hãng SX: Trung Quốc
NT0069,Nhiệt kế hồng ngoại đo trán Rossmax HC 700,Chiếc,Thiết bị y tế,Hãng SX: Thụy Sĩ
NT210018,Nhiệt kế hồng ngoại Kaneko/TQ,Chiếc,Vật tư tiêu hao,Hãng SX: Trung Quốc
NT220120,Nhiệt kế Microlife Corporation,Chiếc,Thiết bị y tế,Hãng SX: Trung Quốc
NT230192,Nhiệt kế TH-05 APECH-Nhật Bản,Cái,Vật tư tiêu hao,Hãng SX: Apech
NT230018,Nhiệt kế thủy ngân,Cái,Vật tư tiêu hao,"Hãng SX: Dong-E E-Jiao E-Hua Medical Equipment Co.,Ltd- Trung Quốc"
NT210058,Nhiệt kế thủy ngân,Cái,Vật tư tiêu hao,Hãng SX: Trung Quốc
NT0307,Nhiệt kế thủy ngân (Sika/Đức),Chiếc,Vật tư tiêu hao,Hãng SX: Đức
VT260035,Nhiệt kế thuỷ ngân ALPOK2,Chiếc,Vật tư tiêu hao,"Hãng SX: Jiangsu Yuyue Medical Instruments Co., Ltd., Trung Quốc | Nước SX: Trung Quốc"
VT230017,Nhiệt kế thủy ngân ALPOK2,Chiếc,Vật tư tiêu hao,"Hãng SX: Dong-E E-Jiao E-Hua Medical Equipment Co.,Ltd- Trung Quốc - Trung Quốc"
TH0248,Nhiệt kế thủy ngân Aurora,Chiếc,Vật tư tiêu hao,Hãng SX: Trung Quốc
NT220072,Nhiệt kế thủy ngân đo 0-100oC-Việt Nam,Chiếc,Vật tư tiêu hao,Hãng SX: Việt Nam
TH0204,Nhiệt kế thủy ngân GOLD TANA,Chiếc,Vật tư tiêu hao,Hãng SX: Việt Nam
NT220053,Nỉa có mấu 16cm,Cái,Dụng cụ y tế,Hãng SX: Prime/Pakistan
NT220054,Nỉa không mấu 16cm,Cái,Dụng cụ y tế,Hãng SX: Prime/Pakistan
NT220055,Nỉa không mấu 20cm,Cái,Dụng cụ y tế,Hãng SX: Prime/Pakistan
VT260064,Nội khí quản có bóng chèn Kyoling,Ống,Vật tư tiêu hao,"Hãng SX: Hangzhou Jinlin Medical Appliances Co., Ltd (Kyoling)/ Trung Quốc | Nước SX: Trung Quốc"
NT230035,Nong Mani 10 L21mm,vi,Vật tư tiêu hao,Hãng SX: Mani/Việt Nam
NT230036,Nong Mani 15 L21mm,vi,Vật tư tiêu hao,Hãng SX: Mani/Việt Nam
NT230037,Nong Mani 20 L21mm,vi,Vật tư tiêu hao,Hãng SX: Mani/Việt Nam
NT230038,Nong Mani 25 L21mm,vi,Vật tư tiêu hao,Hãng SX: Mani/Việt Nam
HC0084,NSE CS ELECSYS KIT,Hộp,Hóa chất,
HC18031,NSE CS ELECSYS KIT,Hộp,Hóa chất,
HC18030,NSE RP ELECSYS KIT,test,Hóa chất,
HC0083,NSE RP ELECSYS KIT,test,Hóa chất,
VTTHVTTH070621140840,NT0239,Bộ,Vật tư tiêu hao,Hãng SX: Việt Nam
SX075,Nước,KW,Vật tư tiêu hao,
NT210045,Nước rửa tay bỏ túi ALFASEPT PURE,Chai,Vật tư tiêu hao,Hãng SX: Lavitec/Việt Nam
NT210068,Nước súc miệng T-B Fresh,Lít,Vật tư tiêu hao,Hãng SX: Việt Nam
KN2020HC01,Nutrient Agar,Chai,Hóa chất,
VT225,Ống cắm panh inox,Chiếc,Vật tư tiêu hao,Hãng SX: Inox/Việt Nam
VT0219,Ống cắm panh inox,Chiếc,Vật tư tiêu hao,Hãng SX: Inox/Việt Nam
NT0194,Ống cắm pank 16,Chiếc,Dụng cụ y tế,Hãng SX: Việt Nam
NT230176,Ống chống cắn lưỡi (Airway),Cái,Vật tư tiêu hao,Hãng SX: Greetmed/Trung Quốc
NT240010,Ống chống đông Inhigly chân không(Vacuum tube) 2ml,Cái,Vật tư tiêu hao,Hãng SX: An Phú/Việt Nam
VT0036,Ống đặt nội khí quản,Cái,Vật tư tiêu hao,"Hãng SX: Ningbo Greetmed Medical Instruments Co.,Ltd"
VT230133,Ống đặt nội khí quản,Cái,Vật tư tiêu hao,"Hãng SX: NingBộ Greetmed Medical Instruments Co,Ltd"
VT230132,Ống đặt nội khí quản,Cái,Vật tư tiêu hao,"Hãng SX: NingBộ Greetmed Medical Instruments Co,Ltd"
VT0033,Ống đặt nội khí quản,Cái,Vật tư tiêu hao,"Hãng SX: Ningbo Greetmed Medical Instruments Co.,Ltd"
VT250054,Ống đặt nội khí quản có bóng,Cái,Vật tư tiêu hao,"Hãng SX: Hitec Medical Co.,Ltd | Nước SX: Trung Quốc"
VT250055,Ống đặt nội khí quản có bóng,Cái,Vật tư tiêu hao,"Hãng SX: Hitec Medical Co.,Ltd | Nước SX: Trung Quốc"
VT250052,Ống đặt nội khí quản có bóng,Cái,Vật tư tiêu hao,"Hãng SX: Hitec Medical Co.,Ltd | Nước SX: Trung Quốc"
VT250053,Ống đặt nội khí quản có bóng,Cái,Vật tư tiêu hao,"Hãng SX: Hitec Medical Co.,Ltd | Nước SX: Trung Quốc"
NT0214,Ống đong Duran 100ml/ Đức,Cái,Dụng cụ y tế,Hãng SX: Đức
NT0183,"Ống đong mực nước tiểu 0,5L nhựa",Ống,Vật tư tiêu hao,Hãng SX: Việt Nam
NT0182,Ống đong mực nước tiểu 1L nhựa,Ống,Vật tư tiêu hao,Hãng SX: Việt Nam
VT260066,Ống eppendoft 1.5ml,Ống,Vật tư tiêu hao,Hãng SX: Greetmed- Trung Quốc | Nước SX: Trung Quốc
NT230121,"Ống Eppendorf 1,5ml",Ống,Vật tư tiêu hao,"Hãng SX: Nantong Renon LaBộratory Equipment Co.,Ltd-Trung Quốc"
NT240058,"Ống Eppendorf 1,5ml",Ống,Vật tư tiêu hao,Hãng SX: Jiangsu Huida/ Trung Quốc - Trung Quốc
VT210103,Ống Eppendorf 1.5 mL,Ống,Vật tư tiêu hao,Hãng SX: Jiangsu Huida/Trung Quốc
TH0227,"Ống Eppendorf có nắp 1,5ml",Ống,Vật tư tiêu hao,Hãng SX: Việt Nam
NT230030,Ống hút nước bọt,Ống,Vật tư tiêu hao,Hãng SX: Việt Nam
VT260038,Ống hút nước bọt,Ống,Vật tư tiêu hao,"Hãng SX: World Work,Ý | Nước SX: Ý"
TH0250,Ống hút nước bọt,Chiếc,Vật tư tiêu hao,Hãng SX: Việt Nam
NT0207,Ống hút nước bọt,Cái,Vật tư tiêu hao,Hãng SX: Việt Nam
NT220006,Ống hút nước bọt,Chiếc,Vật tư tiêu hao,Hãng SX: Việt Nam
VT0220,Ống hút nước bọt,Chiếc,Vật tư tiêu hao,Hãng SX: Trần Cung/Việt Nam
VT226,Ống hút nước Bộ̣t,Chiếc,Vật tư tiêu hao,Hãng SX: Trần Cung/Việt Nam
NT230034,Ống hút nước bọt VN (trong),Túi,Vật tư tiêu hao,Hãng SX: Việt Nam
VT0221,Ống lưu mẫu máu kháng đông Heparin Lọại 2ml,Chiếc,Vật tư tiêu hao,Hãng SX: 3A/Việt Nam
VT227,Ống lưu mẫu máu kháng đông Heparin Lọại 2ml,Chiếc,Vật tư tiêu hao,Hãng SX: Vinahancook
VT230075,Ống ly tâm Eppendorf 1.5ml,Ống,Vật tư tiêu hao,Hãng SX: Jiangsu Huida/Trung Quốc
VT230058,Ống mở khí quản,Cái,Vật tư tiêu hao,"Hãng SX: NingBộ Greetmed Medical Instruments Co,Ltd"
VT0031,Ống mở khí quản,Cái,Vật tư tiêu hao,"Hãng SX: Ningbo Greetmed Medical Instruments Co.,Ltd"
VT0032,Ống mở khí quản,Cái,Vật tư tiêu hao,"Hãng SX: Ningbo Greetmed Medical Instruments Co.,Ltd"
VT230059,Ống mở khí quản,Cái,Vật tư tiêu hao,"Hãng SX: NingBộ Greetmed Medical Instruments Co,Ltd"
VT228,"Ống mở khí quản (ống Sjoberg) cỡ số 7,5; 8",Chiếc,Vật tư tiêu hao,Hãng SX: Kyoling/Trung Quốc
VT0222,"Ống mở khí quản (ống Sjoberg) cỡ số 7,5; 8",Chiếc,Vật tư tiêu hao,Hãng SX: Kyoling/Trung Quốc
VT210104,Ống mở khí quản các số,Cái,Vật tư tiêu hao,Hãng SX: Greetmed/Trung Quốc
VT250051,Ống mở khí quản có bóng các cỡ,Cái,Vật tư tiêu hao,"Hãng SX: Hitec Medical Co.,Ltd | Nước SX: Trung Quốc"
TH0153,"Ống mở khí quản số 7,5",Cái,Vật tư tiêu hao,Hãng SX: Greetmed/Trung Quốc
TH0154,Ống mở khí quản số 8,Cái,Vật tư tiêu hao,Hãng SX: Greetmed/Trung Quốc
HCVT00,Ống môi trường vận chuyển VPM (môi trường không bất hoạt virus),Ống,Hóa chất,
NT0005,Ống ngậm giấy dùng cho phế dung kế 910004 (Turbin dùng cho máy đo chức năng hô hấp),Cái,Vật tư tiêu hao,Hãng SX: Mir
HD02005,Ống nghiệm nhựa có nhãn 10ml,Ống,Vật tư tiêu hao,
NT240022,Ống nghiệm 12*75mm,Ống,Vật tư tiêu hao,Hãng SX: Henso Medical/Trung Quốc - Trung Quốc
VT250075,Ống nghiệm bằng nhựa PS 12x75mm,Ống,Vật tư tiêu hao,Hãng SX: Henso Medical | Nước SX: Trung Quốc
HD02004,"ống nghiệm Citrate 3,8%",Ống,Vật tư tiêu hao,
VT0329,"Ống nghiệm Citrate 3,8%",Chiếc,Vật tư tiêu hao,Hãng SX: Việt Nam
VT250072,"Ống nghiệm Citrate 3,8%",Ống,Vật tư tiêu hao,Hãng SX: Công ty cổ phần đầu tư y tế An phú | Nước SX: Việt Nam
VT210166,Ống nghiệm citrate 3.8% 2ml,Ống,Vật tư tiêu hao,Hãng SX: Việt Nam
VT210054,Ống nghiệm Citrate 3.8% 2ml,Ống,Vật tư tiêu hao,Hãng SX: Việt Nam
HD02003,"ống nghiệm citrte 3,8%",Ống,Vật tư tiêu hao,
VT0223,Ống nghiệm có hạt đông máu,Chiếc,Vật tư tiêu hao,Hãng SX: Việt Nam
VT229,Ống nghiệm có hạt đông máu,Chiếc,Vật tư tiêu hao,Hãng SX: Vinahancook
VT0224,Ống nghiệm công thức máu EDTA Lọại 2ml,Chiếc,Vật tư tiêu hao,Hãng SX: Việt Nam
VT230,Ống nghiệm công thức máu EDTA Lọại 2ml,Chiếc,Vật tư tiêu hao,Hãng SX: Vinahancook
NT0080,"Ống nghiệm đựng nước tiểu 10ml ( ống nhựa, có nắp, dán nhãn, hàng Việt Nam)",Chiếc,Vật tư tiêu hao,Hãng SX: Việt Nam
VT210055,Ống nghiệm EDTA-K2-2mL (nắp cao su),Ống,Vật tư tiêu hao,Hãng SX: Henso Medical(Hangzhou)/Trung Quốc
NT220110,Ống nghiệm EDTA-K2-2mL (nắp cao su),Ống,Vật tư tiêu hao,Hãng SX: Henso Medical(Hangzhou)/Trung Quốc
NT230097,Ống nghiệm EDTA-K2-2ml(nắp cao su),Ống,Vật tư tiêu hao,Hãng SX: Henso Medical/Trung Quốc
VT231,Ống nghiệm EDTA-K2 Lọại 2ml,Chiếc,Vật tư tiêu hao,Hãng SX: Vinahancook
VT0225,Ống nghiệm EDTA-K2 Lọại 2ml,Chiếc,Vật tư tiêu hao,Hãng SX: Việt Nam
VT250073,Ống nghiệm EDTA-K2 nắp cao su,Ống,Vật tư tiêu hao,Hãng SX: Công ty cổ phần đầu tư y tế An phú | Nước SX: Việt Nam
HD02001,ỐNg nghiệm EDTA -K2 nắp cao su,Ống,Vật tư tiêu hao,Quy cách: 100 ống/ khay
NT240048,Ống nghiệm EDTA K2,Ống,Vật tư tiêu hao,Hãng SX: MPV/Việt Nam
NT240054,Ống nghiệm Heparin,Ống,Vật tư tiêu hao,Hãng SX: An Phú/Việt Nam
NT250006,Ống nghiệm Heparin,Ống,Vật tư tiêu hao,Hãng SX: An Phú/Việt Nam
NT250004,Ống nghiệm Heparin,Ống,Vật tư tiêu hao,Hãng SX: An Phú/Việt Nam
HD02002,ống nghiệm Heparin,Ống,Vật tư tiêu hao,Quy cách: 100 ống/ khay
VT250074,Ống nghiệm Heparin,Ống,Vật tư tiêu hao,Hãng SX: Công ty cổ phần đầu tư y tế An phú | Nước SX: Việt Nam
VT230043,Ống nghiệm Heparin (Líthium),Ống,Vật tư tiêu hao,Hãng SX: An Phú/Việt Nam
NT230113,Ống nghiệm Heparin 2ml,Ống,Vật tư tiêu hao,Hãng SX: An Phú/Việt Nam
VT210056,Ống nghiệm Heparin 2mL,Ống,Vật tư tiêu hao,Hãng SX: Việt Nam
VT210159,Ống nghiệm Heparin 2mL,Ống,Vật tư tiêu hao,Hãng SX: Việt Nam
NT230029,Ống nghiệm K2,Ống,Vật tư tiêu hao,Hãng SX: Henso Medical(Hangzhou)/Trung Quốc
NT220080,"Ống nghiệm lấy máu URI(Ống nghiệm Glucose,SodiumFluoride và Sodium Heparin,2ml, tiệt trùng)",Cái,Vật tư tiêu hao,Hãng SX: Wembley Medical / Việt Nam
VT0226,Ống nghiệm liền nắp 1.5ml (ống eppendorf),Chiếc,Vật tư tiêu hao,Hãng SX: Trung Quốc
VT232,Ống nghiệm liền nắp 1.5ml (ống eppendorf),Chiếc,Vật tư tiêu hao,Hãng SX: Trung Quốc
NT240052,"Ống nghiệm máu Citrate 3,8%",Ống,Vật tư tiêu hao,Hãng SX: An Phú/Việt Nam - Việt Nam
TH0209,Ống nghiệm máu Citrate 3.8% 2ml,Ống,Vật tư tiêu hao,Hãng SX: Việt Nam
NT220114,Ống nghiệm máu Citrates 3.8%,Ống,Vật tư tiêu hao,Hãng SX: An Phú/Việt Nam
TH0184,"Ống nghiệm máu EDTA-K2 2ml, nắp cao su",Ống,Vật tư tiêu hao,Hãng SX: Trung Quốc
VT230054,Ống nghiệm máu EDTA K2 2ml(nắp cao su),Ống,Vật tư tiêu hao,Hãng SX: Biotech
TH0180,Ống nghiệm máu Heparin 2ml,Ống,Vật tư tiêu hao,Hãng SX: Việt Nam
TH0234,Ống nghiệm máu Serum 2ml,Ống,Vật tư tiêu hao,Hãng SX: Việt Nam
VT230047,Ống nghiệm Natri Citrates 3.8%,Ống,Vật tư tiêu hao,Hãng SX: An Phú/Việt Nam
HD020011,Ống nghiệm nhựa 5ml,Ống,Vật tư tiêu hao,
NT260013,Ống nghiệm nhựa 5ml,Chiếc,Vật tư tiêu hao,Hãng SX: An Phú | Nước SX: Việt Nam
NT230117,Ống nghiệm nhựa 5ml 12*75mm,Chiếc,Vật tư tiêu hao,Hãng SX: Đức Minh- Việt Nam
NT220111,Ống nghiệm nhựa 5ml PS 12*75mm,Cái,Vật tư tiêu hao,Hãng SX: Henso Medical(Hangzhou)/Trung Quốc
TH0181,Ống nghiệm nhựa 5ml PS 12*75mm,Ống,Vật tư tiêu hao,Hãng SX: Trung Quốc
NT0201,Ống nghiệm nhựa 5ml PS 12*75mm,Ống,Vật tư tiêu hao,Hãng SX: Trung Quốc
VT230042,Ống nghiệm nhựa 5ml PS12*75mm,Ống,Vật tư tiêu hao,Hãng SX: Henso Medical/Trung Quốc
VT210058,Ống nghiệm nhựa 5ml SP12x75ml,Ống,Vật tư tiêu hao,Hãng SX: Trung Quốc
VT250071,Ống nghiệm nhựa có nhãn 10ml,Ống,Vật tư tiêu hao,Hãng SX: Công ty cổ phần đầu tư y tế An phú | Nước SX: Việt Nam
NT240050,Ống nghiệm nhựa đựng nước tiểu,Ống,Vật tư tiêu hao,Hãng SX: An Phú/Việt Nam
NT0246,Ống nghiệm nhựa đựng nước tiểu,Ống,Vật tư tiêu hao,Hãng SX: Việt Nam
NT210009,Ống nghiệm nhựa đựng nước tiểu 10ml,Ống,Vật tư tiêu hao,Hãng SX: Mida/Việt Nam
VT210105,Ống nghiệm nhựa đựng nước tiểu có nhãn 10ml,Chiếc,Vật tư tiêu hao,Hãng SX: Jiangsu Huida/Trung Quốc
NT250005,Ống nghiệm nhựa PS có nắp,Ống,Vật tư tiêu hao,Hãng SX: An Phú/Việt Nam
VT260067,"Ống nghiệm nhựa PS có nắp (16x100), APM-Việt Nam",Ống,Vật tư tiêu hao,"Hãng SX: An Phú, Việt Nam | Nước SX: Việt Nam"
VT260063,"Ống nghiệm nhựa PS không nắp, APM-Việt Nam",Ống,Vật tư tiêu hao,"Hãng SX: An Phú, Việt Nam | Nước SX: Việt Nam"
NT250008,Ống nghiệm PS có nắp có nhãn,Ống,Vật tư tiêu hao,Hãng SX: An Phú/Việt Nam
VT230046,Ống nghiệm Serum,Ống,Vật tư tiêu hao,Hãng SX: An Phú/Việt Nam - Việt Nam
HD02006,Ống nghiệm serum,Ống,Vật tư tiêu hao,
NT240051,Ống nghiệm Serum hạt trong,Ống,Vật tư tiêu hao,Hãng SX: An Phú/Việt Nam - Việt Nam
VT220032,Ống nghiệm serum nắp đỏ,Ống,Vật tư tiêu hao,Hãng SX: Hồng Thiện Mỹ/Việt Nam
NT220032,Ống nghiệm serum nắp đỏ,Ống,Vật tư tiêu hao,Hãng SX: Hồng Thiện Mỹ/Việt Nam
VT0227,Ống nghiệm sinh hóa,Chiếc,Vật tư tiêu hao,Hãng SX: Việt Nam
VT233,Ống nghiệm sinh hóa,Chiếc,Vật tư tiêu hao,Hãng SX: Vinahancook
NT220009,Ống nhựa mica(Cho máy đo nồng độ cồn Alcofind DA-9000),Chiếc,Vật tư tiêu hao,Hãng SX: Alcofind/Hàn Quốc
VT210106,Ống nội khí quản các số,Cái,Vật tư tiêu hao,Hãng SX: Greetmed/Trung Quốc
TH0259,Ống nội khí quản số 7,Cái,Vật tư tiêu hao,Hãng SX: Greetmed/Trung Quốc
VT0228,"Ống nội khí quản số 7,5 ; 8",Chiếc,Vật tư tiêu hao,Hãng SX: Idealcare/Malaysia
VT234,"Ống nội khí quản số 7,5 ; 8",Chiếc,Vật tư tiêu hao,Hãng SX: Idealcare/Malaysia
TH0156,Ống nội khí quản số 8,Cái,Vật tư tiêu hao,Hãng SX: Greetmed/Trung Quốc
NT240014,Ống nội soi phế quản ống mềm,Cái,Vật tư tiêu hao,Hãng SX: Ambu Sdn.Bhd-Malaysia
VT235,Ống soi hậu môn inox,Chiếc,Vật tư tiêu hao,Hãng SX: Prime/Pakistan
VT0229,Ống soi hậu môn inox,Chiếc,Vật tư tiêu hao,Hãng SX: Prime/Pakistan
VT260046,Ống thông dạ dày,Chiếc,Vật tư tiêu hao,"Hãng SX: Symphon Medical Technology Co., Ltd- Đài Loan | Nước SX: Đài Loan"
VT250021,Ống thông dạ dày MPV,Cái,Vật tư tiêu hao,Hãng SX: Công ty cổ phần nhựa y tế Việt Nam | Nước SX: Việt Nam
VT260036,Ống thông đường thở,Cái,Vật tư tiêu hao,"Hãng SX: Ningbo Greetmed Medical Instruments Co., Ltd - Trung Quốc | Nước SX: Trung Quốc"
VT260048,Ống thông đường tiểu 3 nhánh,Cái,Vật tư tiêu hao,"Hãng SX: Jiangxi Yikang Medical Instrument Group Co., Ltd (Sainty)/Trung Quốc | Nước SX: Trung Quốc"
VT260047,Ống thông đường tiểu foley 2 nhánh,Cái,Vật tư tiêu hao,"Hãng SX: Jiangxi Yikang Medical Instrument Group Co., Ltd (Sainty)/ Trung Quốc | Nước SX: Trung Quốc"
VT0040,Ống thông foley 2 nhánh,Cái,Vật tư tiêu hao,Hãng SX: Zhangjiang Star
NT230160,Ống thông foley 2 nhánh,Cái,Vật tư tiêu hao,Hãng SX: Zhangjiang Star / Trung Quốc
VT250034,Ống thông Foley 2 nhánh Fr16,Cái,Vật tư tiêu hao,Hãng SX: Wellmed International Industries Pvt.Ltd. | Nước SX: Ấn Độ
NT230168,Ống thông foley 3 nhánh,Cái,Vật tư tiêu hao,Hãng SX: Zhangjiang Star / Trung Quốc
VT260056,Ống thông hút dịch,Cái,Vật tư tiêu hao,"Hãng SX: Symphon Medical Technology Co., Ltd- Đài Loan | Nước SX: Đài Loan"
VT260090,Ống thông Silicone nuôi ăn dạ dày qua da kiểu bóng (Loại Zero),Cái,Vật tư tiêu hao,Hãng SX: Công Ty TNHH Việt Nam Create Medic - Việt Nam | Nước SX: Việt Nam
HC0204,Onsite Dengue Ag Rapid Test,test,Hóa chất,
2021HC149,OnSite Dengue Ag Rapid Test (DENGUE Ag NS1),test,Hóa chất,
2020HC80,OnSite Dengue Ag Rapid Test (DENGUE Ag NS1),test,Hóa chất,
2020HC82,Onsite Dengue IgG/IgM Combo Rapid Test,test,Hóa chất,
HC0203,Onsite Dengue IgG/IgM Combo Rapid Test,test,Hóa chất,
2021HC151,Onsite Dengue IgG/IgM Combo Rapid Test,test,Hóa chất,
2020HC81,OnSite Duo Dengue Ag - IgG/IgM Combo Rapid Test,test,Hóa chất,
2021HC150,OnSite Duo Dengue Ag - IgG/IgM Combo Rapid Test,test,Hóa chất,
HC0209,Onsite Influenza A /B Rapid test,test,Hóa chất,
NT0180,Optic - 70 độ - phi 6mm - 185 mm. Xuất xứ: Medtrix/ Việt Nam,Chiếc,Vật tư tiêu hao,Hãng SX: Việt Nam
NT0178,Optic 0 độ - phi 3mm - 110mm. Xuất xứ: medtrix/ Việt Nam,Chiếc,Vật tư tiêu hao,Hãng SX: Việt Nam
NT0179,Optic 0 độ - phi 4mm - 175mm. Xuất xứ: Medtrix/ Việt Nam,Chiếc,Vật tư tiêu hao,Hãng SX: Việt Nam
NTKH2302,Oxy lỏng y tế,Kg,Vật tư tiêu hao,Hãng SX: ThanhGas
VT260059,Oxygen Mask,bộ,Vật tư tiêu hao,"Hãng SX: Bonree Medical Co., Ltd/ Trung Quốc | Nước SX: Trung Quốc"
VT0230,Pad đi kèm miếng đắp thuốc,Pad,Vật tư tiêu hao,Hãng SX: Việt Nam
NT0004,Pad đi kèm miếng đắp thuốc,Cặp,Vật tư tiêu hao,Hãng SX: Trung Quốc
VT236,Pad đi kèm miếng đắp thuốc,Pad,Vật tư tiêu hao,Hãng SX: Việt Nam
VT0231,Pad máy điện châm,Pad,Vật tư tiêu hao,Hãng SX: Trung Quốc
VT237,Pad máy điện châm,Pad,Vật tư tiêu hao,Hãng SX: Trung Quốc
NT0176,Pad máy điện châm 6 giắc,Miếng,Vật tư tiêu hao,Hãng SX: Trung Quốc
NT220016,Panh có mấu 16 thẳng,Chiếc,Dụng cụ y tế,Hãng SX: Pakistan
VT0232,Panh có mấu cỡ 16cm,Chiếc,Vật tư tiêu hao,Hãng SX: Prime/Pakistan
VT238,Panh có mấu cỡ 16cm,Chiếc,Vật tư tiêu hao,Hãng SX: Prime/Pakistan
VT0233,Panh cong (pank kelly) cỡ 12cm,Chiếc,Vật tư tiêu hao,Hãng SX: Prime/Pakistan
VT239,Panh cong (pank kelly) cỡ 12cm,Chiếc,Vật tư tiêu hao,Hãng SX: Prime/Pakistan
VT0234,Panh cong (pank kelly) cỡ 15cm,Chiếc,Vật tư tiêu hao,Hãng SX: Prime/Pakistan
VT240,Panh cong (pank kelly) cỡ 15cm,Chiếc,Vật tư tiêu hao,Hãng SX: Prime/Pakistan
VT241,Panh cong (pank kelly) cỡ 20cm,Chiếc,Vật tư tiêu hao,Hãng SX: Prime/Pakistan
VT0235,Panh cong (pank kelly) cỡ 20cm,Chiếc,Vật tư tiêu hao,Hãng SX: Prime/Pakistan
NT230007,"Panh cong 12,5cm-Prime tech",Cái,Dụng cụ y tế,Hãng SX: Prime Tech - Pakistan
NT220096,Panh cong 12cm(Toklais/Pakistan),Cái,Dụng cụ y tế,Hãng SX: Toklais / Pakistan
NT230008,Panh cong 14cm-Prime Tech,Cái,Dụng cụ y tế,Hãng SX: Prime Tech - Pakistan
NT220097,Panh cong 14cm (Toklais/Pakistan),Cái,Dụng cụ y tế,Hãng SX: Toklais / Pakistan
NT220048,Panh cong không mấu,Cái,Dụng cụ y tế,Hãng SX: Prime/Pakistan
NT220044,Panh hình tim 25cm,Cái,Dụng cụ y tế,Hãng SX: Prime/Pakistan
NT220017,Panh không mấu 16 thẳng,Chiếc,Dụng cụ y tế,Hãng SX: Pakistan
VT242,Panh không mấu cỡ 16cm,Chiếc,Vật tư tiêu hao,Hãng SX: Prime/Pakistan
VT0236,Panh không mấu cỡ 16cm,Chiếc,Vật tư tiêu hao,Hãng SX: Prime/Pakistan
VT243,Panh thẳng cỡ 15cm,Chiếc,Vật tư tiêu hao,Hãng SX: Prime/Pakistan
VT0237,Panh thẳng cỡ 15cm,Chiếc,Vật tư tiêu hao,Hãng SX: Prime/Pakistan
VT0238,Panh thẳng cỡ 20cm,Chiếc,Vật tư tiêu hao,Hãng SX: Prime/Pakistan
VT244,Panh thẳng cỡ 20cm,Chiếc,Vật tư tiêu hao,Hãng SX: Prime/Pakistan
NT0283,Pank có mấu 14cm,Cái,Dụng cụ y tế,Hãng SX: Pakistan
NT0279,Pank cong 14cm,Cái,Dụng cụ y tế,Hãng SX: Pakistan
NT210082,Pank dài 16cm/Việt Nam,Cái,Dụng cụ y tế,Hãng SX: Công ty TNHH MTV Thiết bị y tế 130 Armephaco/Việt Nam
NT0274,Pank khuỷu 16cm,Cái,Dụng cụ y tế,Hãng SX: Pakistan
NT0134,Pank khuỷu 18cm,Cái,Dụng cụ y tế,Hãng SX: Pakistan
NT0280,Pank thẳng 14cm,Cái,Dụng cụ y tế,Hãng SX: Pakistan
NT0192,Pank thẳng có mấu 16cm,Chiếc,Dụng cụ y tế,Hãng SX: Pakistan
NT0193,Pank thẳng không mấu 16cm,Chiếc,Dụng cụ y tế,Hãng SX: Pakistan
NT230075,Parafin,Gam,Vật tư tiêu hao,Hãng SX: Kunlun - Trung Quốc
NT220091,Parafin,Gam,Vật tư tiêu hao,Hãng SX: Kulun/Trung Quốc
VT0305,Parafin rắn,Gam,Vật tư tiêu hao,Hãng SX: Gao goan/Trung Quốc
VT245,Parafin rắn,Kg,Vật tư tiêu hao,Hãng SX: Gao goan/Trung Quốc
VT0239,Parafin rắn,Gam,Vật tư tiêu hao,Hãng SX: Gao goan/Trung Quốc
NT0263,Parafin rắn,Gam,Vật tư tiêu hao,Hãng SX: Trung Quốc
VT210059,Parafin rắn,Gam,Vật tư tiêu hao,Hãng SX: Trung Quốc
NT0222,Parafin rắn Dailian Kaixing/TQ,Gam,Vật tư tiêu hao,Hãng SX: Trung Quốc
VT246,Past điện não 400g,Past,Vật tư tiêu hao,Hãng SX: Nihonkoden/Nhật
VT0240,Past điện não 400g,Past,Vật tư tiêu hao,Hãng SX: Nihonkoden/Nhật
VT247,Past điện tim - REF 58322,Past,Vật tư tiêu hao,Hãng SX: Việt Nam
VT0241,Past điện tim - REF 58322,Past,Vật tư tiêu hao,Hãng SX: Việt Nam
NT0129,"Past phẫu thuật quanh răng Coe-pak TM sx tại USA, Thương hiệu, xuất xứ: Nhật",Hộp,Vật tư tiêu hao,Hãng SX: Mỹ
HC18072,"PCT BRAHMS ELECSYS,COBAS E",test,Hóa chất,
HC0126,"PCT BRAHMS ELECSYS,COBASE",Hộp,Hóa chất,
2021HC53,PG Calibrator (S),Hộp,Hóa chất,
VTTH404,"pH, Na+, Cl- electrodes filling solution (1x30ml)",Lọ,Vật tư tiêu hao,Hãng SX: SFRI/Pháp
2021HC59,"pH, Na+, Cl- electrodes filling solution",Lọ,Hóa chất,
VT380,"PH,Na,Cl,electrodes filling solution (1x30ml) SFRI SAS,Pháp R04S030",Lọ,Vật tư tiêu hao,Hãng SX: SFRI/Pháp
NT210075,"Phích bảo quản vắc-xin. Model: Gio'Style VC 2,61/Italia",Cái,Thiết bị y tế,Hãng SX: Giostyle SPA/Italia
NT0177,Phim AGFA DT 5000IB kích thước 14x17inch,Cái,Vật tư tiêu hao,Hãng SX: Bỉ
NT0102,Phim AGFA DT5000IB kt 14x17inch,Cái,Vật tư tiêu hao,Hãng SX: Bỉ
VT230053,Phim dùng cho chụp X - quang y tế (35x43cm),Tấm,Vật tư tiêu hao,
VT230052,Phim dùng cho chụp X - quang y tế (20x25cm),Tấm,Vật tư tiêu hao,
VT0243,Phim khô laser DI-HL (20 x 25cm),Hộp,Vật tư tiêu hao,Hãng SX: Fuji/Japan
VT249,Phim khô laser DI-HL (20 x 25cm),Hộp,Vật tư tiêu hao,Hãng SX: Fuji/Japan
VT248,Phim nha khoa liền thuốc hiện ảnh,Hộp,Vật tư tiêu hao,Hãng SX: Dental Film/Italy
VT0242,Phim nha khoa liền thuốc hiện ảnh,Hộp,Vật tư tiêu hao,Hãng SX: Dental Film/Italy
NT0120,Phim răng cận chóp,Chiếc,Vật tư tiêu hao,Hãng SX: Deltafilm
VT210060,Phim X- Quang (in khô) 35cm x 43 cm (5000LB),Chiếc,Vật tư tiêu hao,Hãng SX: Bỉ
VT250062,Phim X-Quang 20*25 (cm) dòng DI-HL,TỜ,Vật tư tiêu hao,Hãng SX: Fujifilm | Nước SX: Nhật Bản
NT220014,Phim X-Quang Ergonom,Chiếc,Vật tư tiêu hao,Hãng SX: DentalFilm FZCO - U.A.E
VT230074,Phim X-quang y tế AGFA DRYSTAR DT 5.000I B 14x17inch(35x43cm),Chiếc,Vật tư tiêu hao,Hãng SX: AGFA-Gavaert N.V/Bỉ
VT230130,Phim X-quang y tế Agfa Drystar DT 5.000IB 14x17inch (35x43cm),Tấm,Vật tư tiêu hao,
NT220112,Phim X-Ray (In khô) 35*43,Tấm,Vật tư tiêu hao,Hãng SX: AGFA-Gavaert N.V/Bỉ
NT230123,Phim X-ray DL-DI 35x43,Tấm,Vật tư tiêu hao,"Hãng SX: FUJIFILM SHIZUOKA Co.,Nhật Bản"
VT210168,Phim X-ray khô DI-HL 20x25cm(150A),Chiếc,Vật tư tiêu hao,Hãng SX: Fuji/Japan
VT210061,Phim X-Ray khô DI HL 20x25 cm ( 150A),Chiếc,Vật tư tiêu hao,Hãng SX: Nhật Bản
NT230122,Phim X-ray khô DL-DI 20x25cm,Tấm,Vật tư tiêu hao,"Hãng SX: FUJIFILM SHIZUOKA Co.,Nhật Bản"
TH0254,Phim X-ray số hóa DI-HL 35x43 cm,Tấm,Vật tư tiêu hao,Hãng SX: Nhật Bản
VT210167,Phim X-ray số hóa DI-HL 35x43cm,Chiếc,Vật tư tiêu hao,Hãng SX: Fuji/Japan
VT210062,Phim X-Ray số hóa DI -HL 35x43cm,Chiếc,Vật tư tiêu hao,Hãng SX: Fuji/Japan
TH0041,Phim X - Ray khô DL- HL 20x25 (150A),Tấm,Vật tư tiêu hao,Hãng SX: Fuji/Japan
TH0040,Phim X - Ray khô Dl-HL 20x25 (150A),Tấm,Vật tư tiêu hao,Hãng SX: Fuji/Japan
VT250063,Phim X Quang 35*43 (cm) dòng DI-HL,TỜ,Vật tư tiêu hao,Hãng SX: Fujifilm | Nước SX: Nhật Bản
VT260042,Phim X Quang DI-HL 20X25cm,TỜ,Vật tư tiêu hao,"Hãng SX: Fujifilm Material Manufacturing Co., Ltd/ Nhật Bản | Nước SX: Nhật Bản"
VT260043,Phim X Quang DI-HL 35X43cm,TỜ,Vật tư tiêu hao,"Hãng SX: Fujifilm Material Manufacturing Co., Ltd/ Nhật Bản | Nước SX: Nhật Bản"
VT0347,Phin lọc khuẩn dùng cho máy thở,Chiếc,Vật tư tiêu hao,Hãng SX: taiwan
NT0095,Phụ kiện máy điện châm hoa đà / TQ ( 06 dây + 12 đầu kẹp)/ bộ,Bộ,Vật tư tiêu hao,Hãng SX: Trung Quốc
NT230076,Pin 2A,Đôi,Vật tư tiêu hao,Hãng SX: Maxcell - Trung Quốc
VT210141,Pin 2A,Đôi,Vật tư tiêu hao,Hãng SX: Energizer/Singapore
VT210142,Pin 3A,Đôi,Vật tư tiêu hao,Hãng SX: Energizer/Singapore
VT0244,Pin 9v (pin vuông),Cục,Vật tư tiêu hao,Hãng SX: Panasonic/Thái Lan
VT250,Pin 9v (pin vuông),Cục,Vật tư tiêu hao,Hãng SX: Panasonic/Japan
NT210026,Pin Cmos,Viên,Vật tư tiêu hao,Hãng SX: Panasonic
VT210143,Pin CMOS-3V,Viên,Vật tư tiêu hao,Hãng SX: Panasonic/Indonesia
TH0266,Pin CMOS - 3V - CR2032,Viên,Vật tư tiêu hao,Hãng SX: Indonesia
VT230028,Pin Coin Lithium-CR2032,Viên,Vật tư tiêu hao,Hãng SX: Panasonic/Indonesia - Indonesia
VT251,"Pin đại 1,5V",Đôi,Vật tư tiêu hao,Hãng SX: Con Thỏ/Việt Nam
VT0245,"Pin đại 1,5V",Đôi,Vật tư tiêu hao,Hãng SX: Con Thỏ/Việt Nam
VT210144,Pin đại 1.5V-R20,Đôi,Vật tư tiêu hao,Hãng SX: Panasonic/Indonesia
TH0220,"Pin đại D 1,5V - R20UT",Đôi,Vật tư tiêu hao,Hãng SX: Panasonic
VT230069,Pin đại D R20 Panasonic Hyper Carbon R20UT 1.5V,Đôi,Vật tư tiêu hao,Hãng SX: Hi-Watt Battery - Trung Quốc
TH0221,"Pin đũa 1,5V - R03 - AAA",Đôi,Vật tư tiêu hao,Hãng SX: Energizer
NT210025,Pin Eveready 2A,Đôi,Vật tư tiêu hao,Hãng SX: Energizer/Indonesia
NT210005,Pin Eveready 3A,Đôi,Vật tư tiêu hao,Hãng SX: Energizer/Indonesia
VT0246,Pin kiềm (pin alkaline) 1.5V size AA,Đôi,Vật tư tiêu hao,Hãng SX: Sony/Indonesia
VT252,Pin kiềm (pin alkaline) 1.5V size AA,Đôi,Vật tư tiêu hao,Hãng SX: Panasonic/Japan
VT0247,Pin kiềm (pin alkaline) 1.5V size AAA,Đôi,Vật tư tiêu hao,Hãng SX: Sony/Indonesia
VT253,Pin kiềm (pin alkaline) 1.5V size AAA,Đôi,Vật tư tiêu hao,Hãng SX: Panasonic/Japan
VT254,Pin main Cmos 3V,Chiếc,Vật tư tiêu hao,Hãng SX: Panasonic/Japan
VT0248,Pin main Cmos 3V,Chiếc,Vật tư tiêu hao,Hãng SX: Panasonic/Thái Lan
NT240030,Pin Maxcell trung©,Viên,Vật tư tiêu hao,Hãng SX: Indonesia
VT260012,Pin Maxell CR2032,Viên,Vật tư tiêu hao,Hãng SX: Maxell | Nước SX: Nhật Bản
VT260011,Pin Maxell LR03,Đôi,Vật tư tiêu hao,Hãng SX: Maxell | Nước SX: Trung Quốc
VT260010,Pin Maxell LR6,Đôi,Vật tư tiêu hao,Hãng SX: Maxell | Nước SX: Trung Quốc
VT260014,Pin Maxell R14,Đôi,Vật tư tiêu hao,Hãng SX: Maxcell | Nước SX: Indonesia
VT260013,Pin Maxell R20,Đôi,Vật tư tiêu hao,Hãng SX: Maxell | Nước SX: Indonesia
VT255,"Pin tiểu 1,5V",Đôi,Vật tư tiêu hao,Hãng SX: Panasonic/Japan
VT0249,"Pin tiểu 1,5V",Đôi,Vật tư tiêu hao,Hãng SX: Panasonic/Thái Lan
TH0222,"Pin tiểu 1,5V - R06 - AA",Đôi,Vật tư tiêu hao,Hãng SX: Energizer
NT0261,"Pin tiểu 1,5V AA",Đôi,Vật tư tiêu hao,Hãng SX: Trung Quốc
VT210145,Pin trung,Đôi,Vật tư tiêu hao,Hãng SX: Sony/Nhật Bản
NT230077,Pin Trung,Đôi,Vật tư tiêu hao,Hãng SX: Maxcell - Trung Quốc
NT230111,Pin trung-10 vỉ/2 viên,Đôi,Vật tư tiêu hao,Hãng SX: Maxell-Indonexia
NT230023,Pin trung-Rocket,Đôi,Vật tư tiêu hao,Hãng SX: Rocket/ Trung Quốc
NT0150,Pin trung (maxel),Đôi,Vật tư tiêu hao,Hãng SX: Indonesia
VT0250,"Pin trung 1,5V",Đôi,Vật tư tiêu hao,Hãng SX: Panasonic/Thái Lan
VT256,"Pin trung 1,5V",Đôi,Vật tư tiêu hao,Hãng SX: Panasonic/Japan
NT0022,Pin trung Sony,Đôi,Vật tư tiêu hao,Hãng SX: Trung Quốc
VT230029,Pin trung Sony C CarBộn,Đôi,Vật tư tiêu hao,Hãng SX: Hi-Watt Battery
NT0038,Pipet 1 kênh 500 - 5000,Bộ,Dụng cụ y tế,Hãng SX: Đức
NT0218,Pipet tự động pipet 4U pro dải 0.1-2.5 microLít/AHN/Đức,Bộ,Dụng cụ y tế,Hãng SX: Đức
HCKN.19.01,Potassium hydrogen phosphat,Kg,Hóa chất,
HC0064,PRECI CONTROL THYROAB,Hộp,Hóa chất,
HC18011,PRECI CONTROL THYROAB,Hộp,Hóa chất,
HC18049,PreciControl Anti-HBc II,Hộp,Hóa chất,
HC18041,PRECICONTROL ANTI HCV CE,Hộp,Hóa chất,
HC0094,PRECICONTROL ANTI HCV CE,Hộp,Hóa chất,
HC0181,"PreciControlHBA1c Norm,4x1ml",Hộp,Hóa chất,
HC18124,"PreciControlHBA1c Norm,4x1ml",Hộp,Hóa chất,
HC18125,"PreciControlHBA1c Path,4x1ml",Hộp,Hóa chất,
HC0182,"PreciControlHBA1c th,4x1ml",Hộp,Hóa chất,
HC18055,PRECICTL ANTI-HBE,Hộp,Hóa chất,
HC0109,PRECICTL ANTI-HBE,Hộp,Hóa chất,
HC0101,PRECICTL ANTI-HBS ELEC,Hộp,Hóa chất,
HC18047,PRECICTL ANTI-HBS ELEC,Hộp,Hóa chất,
HC0089,PRECICTR TUMOR MARKER ELEC,Hộp,Hóa chất,
HC18036,PRECICTR TUMOR MARKER ELEC,Hộp,Hóa chất,
HC0103,PRECICTRL ANTI-HBC ELEC,Hộp,Hóa chất,
HC0177,"PreciCtrl CC Multi 1, 20x5ml",Hộp,Hóa chất,
HC18122,"PreciCtrl CC Multi 1, 4x5 ml",Hộp,Hóa chất,
HC0179,"PreciCtrl CC Multi 1, 4x5 ml",Hộp,Hóa chất,
HC0178,"PreciCtrl CC Multi 2, 20x5ml",Hộp,Hóa chất,
HC0180,"PreciCtrl CC Multi 2, 4x5 ml",Hộp,Hóa chất,
HC18123,"PreciCtrl CC Multi 2, 4x5 ml",Hộp,Hóa chất,
HC0105,PRECICTRL HBC IGM ELEC,Hộp,Hóa chất,
HC18051,PRECICTRL HBC IGM ELEC,Hộp,Hóa chất,
HC0107,PRECICTRL HBEAG ELEC,Hộp,Hóa chất,
HC18053,PRECICTRL HBEAG ELEC,Hộp,Hóa chất,
HC18044,PRECICTRL HBSAG 2 ELEC,Hộp,Hóa chất,
HC0098,PRECICTRL HBSAG 2 ELEC,Hộp,Hóa chất,
HC18012,PRECICTRL UNIVERSAL ELEC,Hộp,Hóa chất,
HC0065,PRECICTRL UNIVERSAL ELEC,Hộp,Hóa chất,
HC18135,PRECINORM PROTEINS U,Hộp,Hóa chất,
HC0192,PRECINORM PROTEINS U,Hộp,Hóa chất,
HC0193,PRECIPATH PROTEINS URIN,Hộp,Hóa chất,
HC18136,PRECIPATH PROTEINS URIN,Hộp,Hóa chất,
HC18133,PRECISET RF,Hộp,Hóa chất,
HC0190,PRECISET RF,Hộp,Hóa chất,
HC18078,PRECLEAN M,Hộp,Hóa chất,
HC0132,PRECLEAN M,Hộp,Hóa chất,
HC0093,PRECTL ANTIHAV IGM ELEC,Hộp,Hóa chất,
HC18040,PRECTL ANTIHAV IGM ELEC,Hộp,Hóa chất,
HC0133,PROBE WASH M ELECSYS,Hộp,Hóa chất,
HC18079,PROBE WASH M ELECSYS,Hộp,Hóa chất,
HC0131,PROCELL M 2*2 L ELEC,Hộp,Hóa chất,
HC18077,PROCELL M 2X2 L ELEC,Hộp,Hóa chất,
HC18065,Progesterone G3 CS Elecsys,Hộp,Hóa chất,
HC0119,Progesterone G3 CS Elecsys,Hộp,Hóa chất,
HC18064,Progesterone G3 Elecsys cobas e 100,test,Hóa chất,
HC0118,Progesterone G3 Elecsys cobas e 100,test,Hóa chất,
HC18067,PROLACTIN CALSET ELEC,Hộp,Hóa chất,
HC0121,PROLACTIN CALSET ELEC,Hộp,Hóa chất,
HC18033,PSA CS GEN2.1 ELEC,Hộp,Hóa chất,
HC0086,PSA CS GEN2.1 ELEC,Hộp,Hóa chất,
HC18032,PSA RP GEN2.1 ELEC,test,Hóa chất,
HC0085,PSA RP GEN2.1 ELEC,test,Hóa chất,
NT250002,Qiuck Test DOA Multi 4 Drug (THC-MET-AMP-MOP),test,Vật tư tiêu hao,Hãng SX: AmVi Biotech/Việt Nam
VT0346,Quả bóp cao su bộ huyết áp,Quả,Vật tư tiêu hao,Hãng SX: Việt Nam
2021HC54,Qualitrol (S),Hộp,Hóa chất,
VTTH 360,Quần áo phòng chống dịch,Bộ,Vật tư tiêu hao,Hãng SX: Việt Nam
NT0071,Que ATP đo mẫu nước,Que,Vật tư tiêu hao,Hãng SX: 3M/Mỹ
NT220069,Que cấy vi sinh dài 20cm-AHN-Đức,Chiếc,Vật tư tiêu hao,Hãng SX: AHN - Đức
NT0032,Que cấy vi sinh inox 201,Chiếc,Dụng cụ y tế,Hãng SX: Việt Nam
NT230043,Que đánh Fuji,Cái,Vật tư tiêu hao,Hãng SX: Việt Nam
VT0061,Que đè lưỡi gỗ,Cái,Vật tư tiêu hao,Hãng SX: Đất Việt Thành
NT250003,Que đè lưỡi gỗ,Que,Vật tư tiêu hao,Hãng SX: Tanaphar/Việt Nam
VT210065,Que đè lưỡi gỗ,Chiếc,Vật tư tiêu hao,Hãng SX: Tanaphar/Việt Nam
NT230099,Que đè lưỡi gỗ,Chiếc,Vật tư tiêu hao,Hãng SX: Tanaphar/Việt Nam
NT240031,Que đè lưỡi gỗ,Cái,Vật tư tiêu hao,Hãng SX: Đất Việt Thành/Việt Nam
TH0218,Que đè lưỡi gỗ Tanaphar,Chiếc,Vật tư tiêu hao,Hãng SX: Tanaphar/Việt Nam
VT0034,Que đè lưỡi gỗ TANAPHAR,Chiếc,Vật tư tiêu hao,Hãng SX: Công ty cổ phần Tanaphar
VT230007,Que đè lưỡi gỗ TANAPHAR,Chiếc,Vật tư tiêu hao,Hãng SX: Công ty cổ phần Tanaphar
NT0072,Que đo ATP mẫu bề mặt,Que,Vật tư tiêu hao,Hãng SX: 3M/Mỹ
VTTH376,Que đo ATP mẫu bề mặt UXC,Que,Vật tư tiêu hao,Hãng SX: 3M/Mỹ
VTTH377,Que đo ATP mẫu nước H2O,Que,Vật tư tiêu hao,Hãng SX: 3M/Mỹ
VTTH408,Que làm thuốc tai,Chiếc,Vật tư tiêu hao,Hãng SX: Pakistan
VT0251,Que lấy bệnh phẩm,Chiếc,Vật tư tiêu hao,Hãng SX: Spatula/Việt Nam
VT257,Que lấy bệnh phẩm,Chiếc,Vật tư tiêu hao,Hãng SX: Spatula/Việt Nam
TH0264,Que lấy bệnh phẩm BALAC,Cái,Vật tư tiêu hao,Hãng SX: Việt Nam
VT0252,Que lấy bệnh phẩm tế bào,Chiếc,Vật tư tiêu hao,Hãng SX: Spatula/Việt Nam
VT258,Que lấy bệnh phẩm tế bào,Chiếc,Vật tư tiêu hao,Hãng SX: Spatula/Việt Nam
VT250016,Que lấy mẫu bệnh phẩm,Cái,Vật tư tiêu hao,"Hãng SX: Jiangsu Rongye Technology Co., Ltd | Nước SX: Trung Quốc"
HCVT01,Que lấy mẫu bệnh phẩm (que lấy dịch tị hầu),Cái,Hóa chất,
NT240028,Que lấy mẫu tị hầu,Chiếc,Vật tư tiêu hao,Hãng SX: Henso Medical(Hangzhou)/Trung Quốc
NT0133,Que tăm bông sắt làm thuốc tai,Cái,Dụng cụ y tế,Hãng SX: Việt Nam
DCYT029,Que thăm thẳng dài 11.5cm,Cái,Dụng cụ y tế,Hãng SX: Prime/Pakistan
VT210097,Que thử đường huyết,Que,Vật tư tiêu hao,Hãng SX: Lifescan Scotland/Anh
VT250076,Que thử đường huyết,Que,Vật tư tiêu hao,Hãng SX: TaiDoc Technology Corporation - Taiwan | Nước SX: Trung Quốc
NT230088,Que thử đường huyết,Cái,Vật tư tiêu hao,Hãng SX: All Medicus/Hàn Quốc
VT210096,Que thử đường huyết,Que,Vật tư tiêu hao,Hãng SX: All Medicus/Hàn Quốc
VT230018,Que thử đường huyết,Que,Vật tư tiêu hao,Hãng SX: LifeScan Scotland Ltd - Anh
NT260012,Que thử đường huyết ( Dr.Gluone),Que,Vật tư tiêu hao,Hãng SX: Dr Glu | Nước SX: Hàn Quốc
NT0109,Que thử đường huyết ( One touch Ultra),Que,Vật tư tiêu hao,Hãng SX: UK
NT0019,Que thử đường huyết ( One Touch Ultra) quy cách: 25 que/hộp Hãng sản xuất:Johnson&Johnson/Mỹ,Hộp,Vật tư tiêu hao,Hãng SX: Johnson & Johnson/Mỹ
VT230024,Que thử đường huyết Gluco Dr.One,Que,Vật tư tiêu hao,Hãng SX: All Medicus/Hàn Quốc - Korea
VT260031,Que thử đường huyết Gluco Dr.One 4200,Que,Vật tư tiêu hao,Hãng SX: Dr Glu/ Hàn Quốc | Nước SX: Hàn Quốc
VT260032,Que thử đường huyết OneTouch Ultra Plus B/25,Que,Vật tư tiêu hao,"Hãng SX: Lifescan Scotland Ltd., Anh | Nước SX: Anh"
TH0009,Que thử đường huyết URIGHT,Que,Vật tư tiêu hao,Hãng SX: Taidoc - Mednet
NT240001,Quick Test DOA Multi 4 Drug (THC-MET-AMP-MOP),test,Vật tư tiêu hao,Hãng SX: AmVi Biotech/Việt Nam
NT230135,Quick Test DOA Multi 4 Drug(THC-MET-AMP-MOP),test,Vật tư tiêu hao,Hãng SX: AmVi Biotech/Việt Nam
NT220079,Quick Test DOA Multi 4 Dug(THC-MET-AMP-MOP),test,Vật tư tiêu hao,Hãng SX: Amvi / Việt Nam
2024MTKN2,Rappaport Vassiliadis Soya Broth,Lọ,Hóa chất,
HC0043,Reagent Pack SFRI for ISE 5000,test,Hóa chất,
HC18168,Reagent Pack SFRI for ISE 5000,test,Hóa chất,
2021HC56,Reagent Pack SFRI for ISE 5000,Bình,Hóa chất,
2020HC55,Reagent Pack SFRI for ISE 5000,Bình,Hóa chất,
2021HC48,Reagent Pack SFRI for ISE 5000,Bình,Hóa chất,
VT399,"Reference electrode filling solution (1x30ml) SFRI SAS, pháp R04S033",Lọ,Vật tư tiêu hao,Hãng SX: SFRI/Pháp
2021HC61,Reference electrode filling solution,Lọ,Hóa chất,
HC18179,RF Latex,Hộp,Hóa chất,
2021HC43,RF Latex,Hộp,Hóa chất,
HC0037,RF Latex,Hộp,Hóa chất,
2020HC50,RF Latex,Hộp,Hóa chất,
HC18180,RF Latex Calibrator,Hộp,Hóa chất,
2020HC51,RF Latex Calibrator,Hộp,Hóa chất,
HC0038,RF Latex Calibrator,Hộp,Hóa chất,
2021HC44,RF Latex Calibrator,Hộp,Hóa chất,
HC18102,RFII 100T COBAS C INTE,test,Hóa chất,
HC0156,RFII 100T COBAS C INTE,test,Hóa chất,
HC18200,Routine Control N,Hộp,Hóa chất,
2021HC144,Routine Control N,Hộp,Hóa chất,
2020HC74,Routine Control N,Hộp,Hóa chất,
HCHCHC121218104432,Routine Control N (Mẫu QC nội kiểm mức bình thường),Hộp,Hóa chất,
HC0212,Routine Control N (Mẫu QC nội kiểm mức bình thường),Hộp,Hóa chất,
2025ÐX04,Rượu,Cái,Vật tư tiêu hao,
NT0028,S&M ChLọramin B Xuất xứ: Schukle CZ-CH Séc,Kg,Vật tư tiêu hao,Hãng SX: Schukle CZ-CH Séc
NT210071,S&M ChLọramin B. Xuất xứ: Schukle CZ-CH Sec,Kg,Vật tư tiêu hao,Hãng SX: Schukle CZ-CH Séc
NT210046,S&M ChLọramin B. Xuất xứ: Schukle CZ-CH SEC,Kg,Vật tư tiêu hao,Hãng SX: Schukle CZ-CH Séc
HC0215,Sabouraud dextrose agar,Chai,Hóa chất,
HC0169,"Sample Cleaner 1, cobas c",Hộp,Hóa chất,
HC18114,"Sample Cleaner 1, cobas c",Hộp,Hóa chất,
HC0175,"Sample Cleaner 2, cobas 6000",Hộp,Hóa chất,
HC18115,"Sample Cleaner 2, cobas 6000",Hộp,Hóa chất,
HD02009,"Sample cup 2,5ml - Cốc đựng mẫu 2,5ml",Cái,Vật tư tiêu hao,
VT250060,"Săng mổ 60cm x 80cm (vải không dệt, có lỗ, tiệt trùng)",Cái,Vật tư tiêu hao,Hãng SX: Công ty cổ phần Châu Bảo Thạch | Nước SX: Việt Nam
NT230173,Săng mổ 60cm*80cm,Miếng,Vật tư tiêu hao,Hãng SX: Phúc Hà/ Việt Nam
NT230172,Săng mổ 60cm*80cm có lỗ,Cái,Vật tư tiêu hao,Hãng SX: Phúc Hà/ Việt Nam
NT230174,Săng mổ 60cm*80cm lỗ,Miếng,Vật tư tiêu hao,Hãng SX: Phúc Hà/ Việt Nam
VT259,Săng mổ cỡ 150cm x 150cm,Miếng,Vật tư tiêu hao,Hãng SX: Bảo Thạch/Việt Nam
VT0253,Săng mổ cỡ 150cm x 150cm,Miếng,Vật tư tiêu hao,Hãng SX: Bảo Thạch/Việt Nam
VT210066,Săng mổ có lỗ 60cm x 80cm,Miếng,Vật tư tiêu hao,Hãng SX: Việt Nam
TH0263,Săng mổ có lỗ 60cm x 80cm,Miếng,Vật tư tiêu hao,Hãng SX: Việt Nam
VT260033,Săng mổ có lỗ 60cm x80cm,Cái,Vật tư tiêu hao,Hãng SX: Phúc Hà; Việt Nam | Nước SX: Việt Nam
NT240060,Săng mổ có lỗ 60cmx80cm,Miếng,Vật tư tiêu hao,Hãng SX: Phúc Hà/ Việt Nam - Việt Nam
VT0254,Săng mổ có lỗ cỡ 120cm x 140cm,Miếng,Vật tư tiêu hao,Hãng SX: Bảo Thạch/Việt Nam
VT260,Săng mổ có lỗ cỡ 120cm x 140cm,Miếng,Vật tư tiêu hao,Hãng SX: Bảo Thạch/Việt Nam
VT0255,Săng mổ có lỗ cỡ 50cm x 80cm,Miếng,Vật tư tiêu hao,Hãng SX: Bảo Thạch/Việt Nam
VT261,Săng mổ có lỗ cỡ 50cm x 80cm,Miếng,Vật tư tiêu hao,Hãng SX: Bảo Thạch/Việt Nam
VT0256,Săng mổ có lỗ cỡ 60cm x 80cm,Miếng,Vật tư tiêu hao,Hãng SX: Bảo Thạch/Việt Nam
VT262,Săng mổ có lỗ cỡ 60cm x 80cm,Miếng,Vật tư tiêu hao,Hãng SX: Bảo Thạch/Việt Nam
VT210171,Săng mổ không lỗ 60cmx80cm,Miếng,Vật tư tiêu hao,Hãng SX: Bảo Thạch/Việt Nam
NT240061,Săng mổ không lỗ 60cmx80cm,Miếng,Vật tư tiêu hao,Hãng SX: Phúc Hà/ Việt Nam - Việt Nam
VT263,Săng mổ không lỗ cỡ 120cm x 140cm,Miếng,Vật tư tiêu hao,Hãng SX: Bảo Thạch/Việt Nam
VT0257,Săng mổ không lỗ cỡ 120cm x 140cm,Miếng,Vật tư tiêu hao,Hãng SX: Bảo Thạch/Việt Nam
VT0258,Săng mổ không lỗ cỡ 50cm x 80cm,Miếng,Vật tư tiêu hao,Hãng SX: Bảo Thạch/Việt Nam
VT264,Săng mổ không lỗ cỡ 50cm x 80cm,Miếng,Vật tư tiêu hao,Hãng SX: Bảo Thạch/Việt Nam
VT265,Săng mổ không lỗ cỡ 60cm x 80cm,Miếng,Vật tư tiêu hao,Hãng SX: Bảo Thạch/Việt Nam
VT0259,Săng mổ không lỗ cỡ 60cm x 80cm,Miếng,Vật tư tiêu hao,Hãng SX: Bảo Thạch/Việt Nam
VTTH480,Sanosil S010,Thùng,Vật tư tiêu hao,Hãng SX: Việt Nam
VT230004,Sáp parafin,Gam,Vật tư tiêu hao,Hãng SX: Kulun/Trung Quốc - Trung Quốc
NT230124,Sáp Parafin,Gam,Vật tư tiêu hao,Hãng SX: Kunlun - Trung Quốc
NT230126,Sáp Parafin,Gam,Vật tư tiêu hao,Hãng SX: Kunlun - Trung Quốc
TH0034,Sáp Parafin wax,Gam,Vật tư tiêu hao,Hãng SX: Trung Quốc
NT0112,SARS- CoV-2 AntiBộdy Test ( Lateral fLọw Method) Xét nghiệm phát hiện kháng thể kháng Virus SARS-CoV-2 hộp 20 Test ( Hãng SX: Wondfo Biotech,test,Vật tư tiêu hao,Tên đầy đủ: SARS- CoV-2 AntiBộdy Test ( Lateral fLọw Method) Xét nghiệm phát hiện kháng thể kháng Virus SARS-CoV-2 hộp 20 Test ( Hãng SX: Wondfo Biotech/China) | Hãng SX: Wondfo Biotech
VT250033,Sâu máy thở,Cái,Vật tư tiêu hao,Hãng SX: Công ty cổ phần Đất Việt Thành | Nước SX: Việt Nam
HC18207,SD Bioline Dengue Duo (Dengue NS1 Ag + IgG/IgM),test,Hóa chất,
HC18206,SD Bioline Dengue IgG/IgM,test,Hóa chất,
HC18182,Serum Protein Multi-Calibrator 1,Hộp,Hóa chất,
2021HC46,Serum Protein Multi-Calibrator 1,Hộp,Hóa chất,
2020HC53,Serum Protein Multi-Calibrator 1,Hộp,Hóa chất,
HC0040,Serum Protein Multi - Calibrator 1,Hộp,Hóa chất,
HC0173,"SMS, COBAS C",Hộp,Hóa chất,
HC18119,"SMS, COBAS C",Hộp,Hóa chất,
NT0247,Sonde dạ dày 18G,Chiếc,Vật tư tiêu hao,Hãng SX: Việt Nam
TH0159,Sonde dạ dày có nắp 16Fr,Cái,Vật tư tiêu hao,Hãng SX: Greetmed/Trung Quốc
VT230084,Sonde dạ dày có nắp 16Fr,Cái,Vật tư tiêu hao,Hãng SX: Hitec/Trung Quốc
VT0054,Sonde dạ dày có nắp 16Fr,Cái,Vật tư tiêu hao,Hãng SX: Hitec
VT210107,"Sonde dạ dày có nắp, không có nắp các cỡ(Dây cho ăn)",Cái,Vật tư tiêu hao,Hãng SX: Hoàng Sơn/Việt Nam
VT266,Sonde dạ dày số 12-18,Chiếc,Vật tư tiêu hao,Hãng SX: Greetmed/Trung Quốc
VT0260,Sonde dạ dày số 12-18,Chiếc,Vật tư tiêu hao,Hãng SX: Greetmet/Trung quốc
NT0255,Sonde Foley 2 nhánh 14F,Cái,Vật tư tiêu hao,Hãng SX: Trung Quốc
NT0256,Sonde Foley 2 nhánh 16F,Cái,Vật tư tiêu hao,Hãng SX: Trung Quốc
VT210108,Sonde Foley 2 nhánh các số,Cái,Vật tư tiêu hao,Hãng SX: Zhanjiang Star/Trung Quốc
VT267,"Sonde Foley 2 nhánh số 14,16,18",Chiếc,Vật tư tiêu hao,Hãng SX: Idealcare/Malaysia
VT0261,"Sonde Foley 2 nhánh số 14,16,18",Chiếc,Vật tư tiêu hao,Hãng SX: Idealcare/Malaysia
TH0008,Sonde Foley 2 nhánh số 14Fr,Cái,Vật tư tiêu hao,Hãng SX: Greetmed/Trung Quốc
TH0215,Sonde Foley 2 nhánh số 16Fr,Cái,Vật tư tiêu hao,Hãng SX: Greetmed/Trung Quốc
NT210004,Sonde foley 2 nhánh số 22,Chiếc,Vật tư tiêu hao,Hãng SX: Greetmed/Trung Quốc
VT250035,Sonde Foley 3 nhánh,Cái,Vật tư tiêu hao,"Hãng SX: Hitec Medical Co.,Ltd | Nước SX: Trung Quốc"
VT210109,Sonde Foley 3 nhánh các số,Cái,Vật tư tiêu hao,Hãng SX: Greetmed/Trung Quốc
VT268,"Sonde Foley 3 nhánh số 14,16,18",Chiếc,Vật tư tiêu hao,Hãng SX: Idealcare/Malaysia
VT0262,"Sonde Foley 3 nhánh số 14,16,18",Chiếc,Vật tư tiêu hao,Hãng SX: Idealcare/Malaysia
TH0199,Sonde Foley 3 nhánh số 16Fr,Cái,Vật tư tiêu hao,Hãng SX: Trung Quốc
VT0263,"Sonde hút dịch số 12,14, 16, 18",Chiếc,Vật tư tiêu hao,Hãng SX: Greetmet/Trung quốc
VT269,"Sonde hút dịch số 12,14, 16, 18",Chiếc,Vật tư tiêu hao,Hãng SX: Greetmed/Trung Quốc
VT260065,Sonde Nelaton,Cái,Vật tư tiêu hao,Hãng SX: Guangdong Ecan/ Trung Quốc | Nước SX: Trung Quốc
NT230164,Sonde Nelaton,Cái,Vật tư tiêu hao,Hãng SX: Hitec/Trung Quốc
NT0248,Sonde Nelaton,Cái,Vật tư tiêu hao,Hãng SX: Greetmed/Trung Quốc
NT0159,Sonde Nelaton Mega / Trung Quốc,Chiếc,Vật tư tiêu hao,Hãng SX: Trung Quốc
VT210110,Sonde nelaton(Thông tiểu một nhánh),Chiếc,Vật tư tiêu hao,Hãng SX: Greetmed/Trung Quốc
VT230086,Sonde nelaton(Thông tiểu một nhánh) 12Fr,Chiếc,Vật tư tiêu hao,Hãng SX: Hitec/Trung Quốc
VT0056,Sonde nelaton(Thông tiểu một nhánh) 12Fr,Chiếc,Vật tư tiêu hao,Hãng SX: Hitec
VT230085,Sông Foley (ống thông đường tiểu) 2 nhánh số 16,Cái,Vật tư tiêu hao,Hãng SX: Zhanjiang Star/Trung Quốc
VT0055,Sông Foley (ống thông đường tiểu) 2 nhánh số 16,Chiếc,Vật tư tiêu hao,"Hãng SX: Zhanjiang Star Enterprise Co.,Ltd"
2024MTKN1,Soyabean Casein Digest Agar,Lọ,Hóa chất,
HC0216,Soyabean casein medium,Chai,Hóa chất,
VT230096,Steranios 2%,Thùng,Vật tư tiêu hao,Hãng SX: Laboratoires Anios - Pháp
VT250013,Steranios 2%,Ml,Vật tư tiêu hao,Hãng SX: Laboratoires Anios | Nước SX: Pháp
HC18160,Synchron/AU Hemolyzing Reagent,Hộp,Hóa chất,
HC0020,Synchron/AU Hemolyzing Reagent,Hộp,Hóa chất,
2021HC33,System Calibrator,Lọ,Hóa chất,
HC18169,System Calibrator,Lọ,Hóa chất,
HC0027,System Calibrator,Lọ,Hóa chất,
2020HC40,System Calibrator,Lọ,Hóa chất,
HC18004,T3 CS ELECSYS KIT,Hộp,Hóa chất,
HC0057,T3 CS ELECSYS KIT,Hộp,Hóa chất,
HC0056,T3 RP ELECSYS KIT,test,Hóa chất,
HC18003,T3 RP ELECSYS KIT,test,Hóa chất,
HC0063,T4 CS GEN.2 ELEC,Hộp,Hóa chất,
HC18010,T4 CS GEN.2 ELEC,Hộp,Hóa chất,
HC18009,"T4 GEN.2 ELECSYS,COBAS E",test,Hóa chất,
HC0062,"T4 GEN.2 ELECSYS,COBAS E",test,Hóa chất,
VT0264,Tăm bông lấy bệnh phẩm,Chiếc,Vật tư tiêu hao,Hãng SX: Trung Quốc
VT210098,Tăm bông lấy bệnh phẩm,Chiếc,Vật tư tiêu hao,Hãng SX: Henso Medical(Hangzhou)/Trung Quốc
VT270,Tăm bông lấy bệnh phẩm,Chiếc,Vật tư tiêu hao,Hãng SX: Trung Quốc
TH0232,Tăm bông lấy bệnh phẩm OPERSON,Cái,Vật tư tiêu hao,Hãng SX: Trung Quốc
NT210032,"Tấm điện cực dùng cho máy holter tim mạch Cardy 302 max Suzuken, 1 tấm/túi",Túi,Vật tư tiêu hao,Hãng SX: Indonesia
NT0085,"Tấm điện cực dùng cho máy Holter tim mạch Cardy 302 max, Hãng sản xuất: SUZUKEN/ Nhật Bản. Tấm điện cực xuất xứ: Indonesia. Quy cách: 01 tấm",Túi,Vật tư tiêu hao,"Tên đầy đủ: Tấm điện cực dùng cho máy Holter tim mạch Cardy 302 max, Hãng sản xuất: SUZUKEN/ Nhật Bản. Tấm điện cực xuất xứ: Indonesia. Quy cách: 01 tấm/ túi | Hãng SX: Nhật Bản"
NT240040,"Tấm điện cực kích thước 50x50mm,phụ kiện của máy điện phân dẫn thuốc IONO BASE+",Chiếc,Vật tư tiêu hao,Hãng SX: Led Spa/Italy
NT240041,"Tấm điện cực kích thước 80x120mm,phụ kiện của máy điện phân dẫn thuốc IONO BASE+",Chiếc,Vật tư tiêu hao,Hãng SX: Led Spa/Italy
VT0265,Tấm điện cực trung tính,Chiếc,Vật tư tiêu hao,Hãng SX: Evershine/Đài Lọan
VT271,Tấm điện cực trung tính,Chiếc,Vật tư tiêu hao,Hãng SX: Evershine/Đài Lọan
VT250059,Tấm trải nylon vô trùng,Cái,Vật tư tiêu hao,Hãng SX: Công ty TNHH Đầu tư và Thương mại An Lành | Nước SX: Việt Nam
VT0266,Tay dao mổ điện đơn cực,Chiếc,Vật tư tiêu hao,Hãng SX: Evershine/Đài Lọan
VT272,Tay dao mổ điện đơn cực,Chiếc,Vật tư tiêu hao,Hãng SX: Evershine/Đài Lọan
VT250056,Tay dao mổ điện dùng 1 lần,Cái,Vật tư tiêu hao,"Hãng SX: Baisheng Medical Co.,Ltd | Nước SX: Trung Quốc"
NT0219,Tay dao mổ điện/Taiwan/TQ,Cái,Vật tư tiêu hao,Hãng SX: Trung Quốc
VT0330,Tegaderm - film cỡ 6x8 cm,Miếng,Vật tư tiêu hao,Hãng SX: 3M/Mỹ
VT0331,Tegaderm - film cỡ 6x8 cm,Miếng,Vật tư tiêu hao,Hãng SX: 3M/Mỹ
VT273,Tem barcode 25x15 x 4 số,Cuộn,Vật tư tiêu hao,Hãng SX: Việt Nam
VT0267,Tem barcode 25x15 x 4 số,Cuộn,Vật tư tiêu hao,Hãng SX: Việt Nam
VT0268,Tem barcode 25x15 x 8 số,Cuộn,Vật tư tiêu hao,Hãng SX: Việt Nam
VT274,Tem barcode 25x15 x 8 số,Cuộn,Vật tư tiêu hao,Hãng SX: Việt Nam
VT210069,Tem barcode xét nghiệm 25mm x 15mm x 4 số x 4 tem,Cuộn,Vật tư tiêu hao,Hãng SX: Việt Nam
VT260007,Tem nhãn (45x22)mm x 50m,Cuộn,Vật tư tiêu hao,Hãng SX: OKAMI | Nước SX: Việt Nam
VT411,Tem xét nghiệm y tế 4 số 4 tem,Cuộn,Vật tư tiêu hao,Hãng SX: Việt Nam
TH0033,Tem xét nghiệm y tế 4 số 4 tem,Contem,Vật tư tiêu hao,Hãng SX: Việt Nam
VT275,Test hóa học kiểm soát tiệt trùng bằng hơi nước,test,Vật tư tiêu hao,Hãng SX: B.Braun
VT0269,Test hóa học kiểm soát tiệt trùng bằng hơi nước,test,Vật tư tiêu hao,Hãng SX: 3M/Mỹ
TH0200,Test hóa học kiểm soát tiệt trùng bằng hơi nước 1243A,Miếng,Vật tư tiêu hao,Hãng SX: 3M/Mỹ
NT240059,Test khí máu,test,Vật tư tiêu hao,Hãng SX: AbBộtt Point of Care - Canada
NT240012,Test khí máu động mạch,test,Vật tư tiêu hao,Hãng SX: AbBộtt Point of Care - Canada
VT0270,Test thử đường huyết,Hộp,Vật tư tiêu hao,Hãng SX: Ultra Tool/Mỹ
VT0306,Test thử đường huyết,Chiếc,Vật tư tiêu hao,Hãng SX: Ultra Tool/Mỹ
VT276,Test thử đường huyết,Hộp,Vật tư tiêu hao,Hãng SX: Ultra Tool/Mỹ
VT0314,Test thử đường huyết,test,Vật tư tiêu hao,Hãng SX: Khac
NT220007,Test xét nghiệm nhanh bộ 4 chất Morphine-Amphetamin-Metamphetamin-Cần sa trong nước tiểu-CiTest Diagnostics Inc-Canada,test,Vật tư tiêu hao,Hãng SX: CiTest Diagnostics Inc/Canada
NT210072,Test xét nghiệm nhanh kháng nguyên COVID-19 (Rapigen/Hàn Quốc),test,Vật tư tiêu hao,Hãng SX: Rapigen/Hàn Quốc
NT210017,Test xét nghiệm nhanh kháng nguyên COVID-19 (Test Biosynex COVID-19 Ag),test,Vật tư tiêu hao,Hãng SX: Pháp
NT210041,Test xét nghiệm nhanh kháng nguyên COVID-19(Lungene),test,Vật tư tiêu hao,Hãng SX: Hangzhou CLọgene Biotech/Trung Quốc
HC0122,Testosterone II,test,Hóa chất,
HC18068,Testosterone II,test,Hóa chất,
HC18069,Testosterone II CS,Hộp,Hóa chất,
HC0123,Testosterone II CS,Hộp,Hóa chất,
HCKN.19.03,Thạch casein đậu tương,Chai,Hóa chất,
NT230047,Thám Trâm Prime,Cái,Vật tư tiêu hao,Hãng SX: Pakistan
NT0021,Thẻ xét nghiệm EG7 + ( Số lô: N19296; HSD: 21/06/2020) Nhà sản xuất: AbBộtt Point of Care - Canada,Thẻ,Vật tư tiêu hao,Hãng SX: Canada
VT317,Thẻ xét nghiệm EG7+,Thẻ,Vật tư tiêu hao,Hãng SX: AbBộtt Point of Care - Canada
NT0108,Thẻ xét nghiệm EG7+ ( số lô N20147 HSD 23/01/2021,Thẻ,Vật tư tiêu hao,Hãng SX: Canada
NT0049,Thẻ xét nghiệm EG7+ ( Số lô: W19329: HSD: 24/07/2020) Nhà sản xuất: AbBộtt point of Care - Canada,Hộp,Vật tư tiêu hao,Hãng SX: Canada
NT0153,Thẻ xét nghiệm EG7+. Nhà sản xuất: AbBộtt Point of Care-Canada,Thẻ,Vật tư tiêu hao,Hãng SX: Canada
NT260006,Thẻ xét nghiệm G3+,Thẻ,Vật tư tiêu hao,Hãng SX: Abobott Point of Care Canada limited | Nước SX: Canada
NT260022,Thẻ xét nghiệm G3+,Thẻ,Vật tư tiêu hao,Hãng SX: Abbott Point of Care Canada Limited | Nước SX: Canada
NT230169,Thẻ xét nghiêm i-STAT EG7+Cartridge,test,Vật tư tiêu hao,Hãng SX: AbBộtt/Canada
VT250077,Thẻ xét nghiệm i-STAT G3+Cartridge,Thẻ,Vật tư tiêu hao,Hãng SX: Abbott Point of Care Canada limited | Nước SX: Canada
NT230054,Thẻ xét nghiệm sinh hóa khí máu EG7+,Thẻ,Vật tư tiêu hao,Hãng SX: AbBộtt Point of Care - Canada
VT210099,Thẻ xét nghiệm sinh hóa khí máu EG7+,Thẻ,Vật tư tiêu hao,Hãng SX: AbBộtt/Canada
VT277,"Thìa nạo (Curette Volkmann) số 3, Ø4, 4mmx6,2mm",Chiếc,Vật tư tiêu hao,Hãng SX: Curette Volkmann/Đức
VT0271,"Thìa nạo (Curette Volkmann) số 3, Ø4, 4mmx6,2mm",Chiếc,Vật tư tiêu hao,Hãng SX: Curette Volkmann/Đức
NT220049,Thìa nạo tử cung,Cái,Dụng cụ y tế,Hãng SX: Prime/Pakistan
VTTH407,"Thiết bị đo nhiệt độ, độ ẩm TH600B",Chiếc,Vật tư tiêu hao,Hãng SX: Hàn Quốc
DCYT045,Thiết bị đo SPO2 và nhịp tim Beurer PO30,Chiếc,Dụng cụ y tế,Hãng SX: Đức
NT210076,Thiết bị Thẻo dõi nhiệt độ. Model: Tempmate-M1/Trung Quốc,Cái,Thiết bị y tế,Hãng SX: Tempmate GmbH/Trung Quốc
VT0272,Thông tiểu Lọại ba chạc các cỡ,Chiếc,Vật tư tiêu hao,Hãng SX: Idealcare/Malaysia
VT278,Thông tiểu Lọại ba chạc các cỡ,Chiếc,Vật tư tiêu hao,Hãng SX: Idealcare/Malaysia
VT0273,Thông tiểu một nhánh (Sonde nelaton),Chiếc,Vật tư tiêu hao,Hãng SX: Greetmed/Trung Quốc
VT279,Thông tiểu một nhánh (Sonde nelaton),Chiếc,Vật tư tiêu hao,Hãng SX: Greetmed/Trung Quốc
2020HC73,Thrombin Clotting Time,Hộp,Hóa chất,
HC18199,Thrombin Clotting Time,Hộp,Hóa chất,
2021HC143,Thrombin Clotting Time,Hộp,Hóa chất,
2020HC67,Thromboplastin L,Hộp,Hóa chất,
HC18193,Thromboplastin L,Hộp,Hóa chất,
2021HC137,Thromboplastin L,Hộp,Hóa chất,
HC0211,Thromboplastin L (HCXN PT),Hộp,Hóa chất,
VT280,Thuốc cản quang 350mg/ml,Lọ,Vật tư tiêu hao,Hãng SX: Cenatic/ Pháp
NT220045,Thước dây,Cái,Dụng cụ y tế,Hãng SX: Việt Nam
TH0252,Thuốc diệt tủy Arsenic Blue,Lọ,Vật tư tiêu hao,Hãng SX: Redstar
NT220039,Thước đo cổ tử cung,Cái,Dụng cụ y tế,Hãng SX: Prime/Pakistan
TH0214,Tinh dầu sả,Chai,Vật tư tiêu hao,Hãng SX: Việt Nam
NT210028,Tinh dầu xả,Ml,Vật tư tiêu hao,Hãng SX: Việt Nam
VT210081,Tinh dầu xả,Ml,Vật tư tiêu hao,Hãng SX: Thuận Phát/Việt Nam - Việt Nam
2020HC41,Total Bilirubin,Hộp,Hóa chất,
2021HC34,Total Bilirubin,Hộp,Hóa chất,
HC0028,Total Bilirubin,Hộp,Hóa chất,
HC18170,Total Bilirubin,Hộp,Hóa chất,
HC18171,Total protein,Hộp,Hóa chất,
HC0029,Total protein,Hộp,Hóa chất,
2021HC35,Total Protein,Hộp,Hóa chất,
2020HC42,Total Protein,Hộp,Hóa chất,
HC0142,TP G2 300T COBAS C/INTEGRA,test,Hóa chất,
HC18088,TP G2 300T COBAS C/INTEGRA,test,Hóa chất,
HC18089,"TPUC 150T COBAS C, INT",test,Hóa chất,
HC0143,"TPUC 150T COBAS C, INT",test,Hóa chất,
TH0245,Trâm gai lấy tủy,Cái,Dụng cụ y tế,Hãng SX: Nhật Bản
VT210117,Trâm gai lấy tủy,Cái,Vật tư tiêu hao,Hãng SX: Mani/Nhật Bản
NT0295,Trang phục phòng chống dịch,Bộ,Vật tư tiêu hao,Hãng SX: Việt Nam
NT0027,Trang phục phòng chống dịch,Bộ,Vật tư tiêu hao,Hãng SX: Việt Nam
NT0296,Trang phục phòng chống dịch đặc thù,Bộ,Vật tư tiêu hao,Hãng SX: Việt Nam
NT210044,Trang phục phòng chống dịch đặc thù M22,Bộ,Vật tư tiêu hao,Hãng SX: Việt Nam
NT0240,Trang phục phòng chống dịch đặc thù M22,Bộ,Vật tư tiêu hao,Hãng SX: Việt Nam
NT210043,Trang phục phòng chống dịch M21,Bộ,Vật tư tiêu hao,Hãng SX: Việt Nam
NT0239,Trang phục phòng chống dịch M21,Bộ,Vật tư tiêu hao,Hãng SX: Việt Nam
NT210077,"Trang phục phòng chống dịch, cấp 4-VN",Bộ,Vật tư tiêu hao,Hãng SX: Danameco/ Việt Nam
VT210071,Trang phục phòng dịch cấp độ 2,Bộ,Vật tư tiêu hao,Hãng SX: Việt Nam
NT210091,Trang phục phòng hộ cá nhân. NSX: Cộng hòa Belarus,Bộ,Vật tư tiêu hao,Hãng SX: The Republican Unitary Enterprise; Medtechnocenter; Cộng hòa Belarus - Belarus
NT210097,Trang phục phòng hộ không tiệt trùng. NSX: Cộng hòa Belarus,bộ,Vật tư tiêu hao,Hãng SX: Công ty Uniform; Cộng hòa Belarus - Belarus
HC0144,TRIGL 250T COBAS C/INTEGRA,test,Hóa chất,
HC18090,TRIGL 250T COBAS C/INTEGRA,test,Hóa chất,
HC0030,Triglyceride,Hộp,Hóa chất,
2021HC36,Triglyceride,Hộp,Hóa chất,
HC18172,Triglyceride,Hộp,Hóa chất,
2020HC43,Triglyceride,Hộp,Hóa chất,
NT220024,Trụ cắm panh,Chiếc,Dụng cụ y tế,Hãng SX: Việt Nam
NT210081,Trụ cắm pank dài 16cm/Việt Nam,Cái,Dụng cụ y tế,Hãng SX: Công ty TNHH MTV Thiết bị y tế 130 Armephaco/Việt Nam
HC0054,TSH RP ELECSYS KIT,test,Hóa chất,
HC18001,TSH RP ELECSYS KIT,test,Hóa chất,
NT0235,"Tủ bảo quản dược phẩm, sinh phẩm ( dung tích 290L) model: HYC - 290, hãng Haier Trung Quốc",Cái,Thiết bị y tế,Hãng SX: Trung Quốc
TBYT002,Tủ cấp cứu có ngăn AB- Inox 201 có sàn nghiêng,Chiếc,Thiết bị y tế,Hãng SX: Việt Nam
NT220026,Tủ đầu giường (Inox SUS 201),Chiếc,Thiết bị y tế,Hãng SX: Việt Nam
NT0114,Tủ đầu giường 3 khoang,Chiếc,Thiết bị y tế,Hãng SX: Armephaco
DCYT 035,Tủ đầu giường INOX 201 VN Kt: 400x350x850mm,Chiếc,Dụng cụ y tế,Hãng SX: Việt Nam
NT230183,Tủ đựng chỉ treo tường,Cái,Dụng cụ y tế,Hãng SX: Hải Hà
NT0186,Tủ đựng dụng cụ,Chiếc,Dụng cụ y tế,Hãng SX: Việt Nam
NT230182,Tủ đựng dụng cụ - Tủ đựng vật tư tiêu hao,Cái,Dụng cụ y tế,Hãng SX: Hải Hà
NT0285,Tủ đựng dụng cụ ( 800x400x1600),Cái,Dụng cụ y tế,Hãng SX: Việt Nam
NT220025,Tủ đựng dụng cụ (Inox SUS 201),Chiếc,Thiết bị y tế,Hãng SX: Việt Nam
NT230107,Tủ đựng dụng cụ (Inox SUS 201),Chiếc,Thiết bị y tế,Hãng SX: Minh Hải/Việt Nam
TBYT11,"Tủ đựng dụng cụ INox 201 Lọại 2 ngăn sàn phẳng,kt:D910xR550xC1700mm",Chiếc,Thiết bị y tế,Hãng SX: Việt Nam
NT230177,Tủ đựng thuốc - Tủ đựng thuốc gây mê,Cái,Dụng cụ y tế,Hãng SX: Hải Hà
NT220104,Tủ đựng thuốc (1830*450*1830),Cái,Thiết bị y tế,Hãng SX: Việt Nam
NT230189,Tủ đựng vật tư gây mê,Cái,Dụng cụ y tế,Hãng SX: Hải Hà
NT0171,Tủ thuốc cấp cứu không có ngăn độc,Chiếc,Dụng cụ y tế,Hãng SX: Việt Nam
NT0104,Tủ thuốc có ngăn độc AB,Chiếc,Dụng cụ y tế,Hãng SX: Việt Nam
VT260019,Túi BOPP 10x14,Cái,Vật tư tiêu hao,Hãng SX: Hoàng Hà | Nước SX: Việt Nam
VT260079,Túi BOPP 10x14,Cái,Vật tư tiêu hao,Hãng SX: Hoàng Hà | Nước SX: Việt Nam
VT260080,Túi BOPP 12x17,Cái,Vật tư tiêu hao,Hãng SX: Hoàng Hà | Nước SX: Việt Nam
VT260020,Túi BOPP 12x17,Cái,Vật tư tiêu hao,Hãng SX: Hoàng Hà | Nước SX: Việt Nam
VT260016,"Túi BOPP 6x8,5",Cái,Vật tư tiêu hao,Hãng SX: Hoàng Hà | Nước SX: Việt nam
VT260076,"Túi BOPP 6x8,5",Cái,Vật tư tiêu hao,Hãng SX: Hoàng Hà | Nước SX: VIệt Nam
Vt260017,Túi BOPP 7x10,Cái,Vật tư tiêu hao,Hãng SX: Hoàng Hà | Nước SX: Việt Nam
VT260077,Túi BOPP 7x10,Cái,Vật tư tiêu hao,Hãng SX: Hoàng Hà | Nước SX: Việt Nam
VT260018,"Túi BOPP 8,5x12",Cái,Vật tư tiêu hao,Hãng SX: Hoàng Hà | Nước SX: Việt Nam
VT260078,"Túi BOPP 8,5x12",Cái,Vật tư tiêu hao,Hãng SX: Hoàng Hà | Nước SX: Việt Nam
TH0253,Túi chườm cao su Hải Nam,Chiếc,Vật tư tiêu hao,Hãng SX: Việt Nam
NT220033,Túi chườm điện,Cái,Vật tư tiêu hao,Hãng SX: An Phú/Việt Nam
VT0275,Túi chườm nóng,Chiếc,Vật tư tiêu hao,Hãng SX: Mega/Malaisia
VT281,Túi chườm nóng,Chiếc,Vật tư tiêu hao,Hãng SX: Mega- Malaisia
NT230026,Túi chườm thảo mộc thông cốt tán,Gói,Vật tư tiêu hao,Hãng SX: Việt Nam
DCYT039,Túi cứu thương Firstaid Lọại màu đỏ,Chiếc,Dụng cụ y tế,Hãng SX: Việt Nam
NT0208,Túi đựng nước tiểu,Cái,Vật tư tiêu hao,Hãng SX: Việt Nam
VT0276,Túi đựng nước tiểu 2000ml,Chiếc,Vật tư tiêu hao,Hãng SX: Omiga/Việt Nam
VT282,Túi đựng nước tiểu 2000ml,Chiếc,Vật tư tiêu hao,Hãng SX: Omiga/Việt Nam
NT230089,Túi đựng nước tiểu có van,Cái,Vật tư tiêu hao,Hãng SX: Omiga/Việt Nam
NT220029,Túi đựng nước tiểu có van,Cái,Vật tư tiêu hao,Hãng SX: Hitec/Trung Quốc
TH0010,Túi đựng nước tiểu có van,Chiếc,Vật tư tiêu hao,Hãng SX: Omiga/Việt Nam
VT0277,Túi đựng oxy (Lọại có van),Chiếc,Vật tư tiêu hao,Hãng SX: Greetmet/Trung quốc
VT283,Túi đựng oxy (Lọại có van),Chiếc,Vật tư tiêu hao,Hãng SX: Greetmed/Trung Quốc
VT230020,Túi ép dẹp tiệt trùng 100mm x 200m,Cuộn,Vật tư tiêu hao,Hãng SX: Công ty TNHH Đồng Thịnh Phát
VT230021,Túi ép dẹp tiệt trùng 150mm x 200m,Cuộn,Vật tư tiêu hao,Hãng SX: Công ty TNHH Đồng Thịnh Phát
VT230022,Túi ép dẹp tiệt trùng 200mm x 200m,Cuộn,Vật tư tiêu hao,Hãng SX: Công ty TNHH Đồng Thịnh Phát
VT230062,Túi ép phồng tiệt trùng 250mmx100m,Cuộn,Vật tư tiêu hao,Hãng SX: Công ty TNHH Đồng Thịnh Phát
VT230063,Túi ép phồng tiệt trùng 350mmx100m,Cuộn,Vật tư tiêu hao,Hãng SX: Công ty TNHH Đồng Thịnh Phát
TH0205,Túi ép tiệt trùng 100mm x 200m ( Lọại dẹt ),Cuộn,Vật tư tiêu hao,Hãng SX: Trung Quốc
VT210132,Túi ép tiệt trùng 100mmx200mm,Cuộn,Vật tư tiêu hao,Hãng SX: Asimec/Việt Nam
VT210133,Túi ép tiệt trùng 150mmx200mm,Cuộn,Vật tư tiêu hao,Hãng SX: Asimec/Việt Nam
TH0206,Túi ép tiệt trùng 200mm x 200m ( Lọại dẹt),Cuộn,Vật tư tiêu hao,Hãng SX: Trung Quốc
VT210134,Túi ép tiệt trùng 200mmx200m dẹt,Cuộn,Vật tư tiêu hao,Hãng SX: Asimec/Việt Nam
TH0207,Túi ép tiệt trùng 250mm x 100m ( Lọại phồng),Cuộn,Vật tư tiêu hao,Hãng SX: Trung Quốc
VT210135,Túi ép tiệt trùng 250mmx100m phồng,Cuộn,Vật tư tiêu hao,Hãng SX: Asimec/Việt Nam
TH0208,Túi ép tiệt trùng 350mm x 100m ( Lọại phồng),Cuộn,Vật tư tiêu hao,Hãng SX: Trung Quốc
VT210136,Túi ép tiệt trùng 350mmx100m phồng,Cuộn,Vật tư tiêu hao,Hãng SX: Asimec/Việt Nam
VT360,Túi ép tiệt trùng BMS dẹt cỡ 10cmx200m,Cuộn,Vật tư tiêu hao,Hãng SX: Liên doanh Phần Lan-VN
VT361,Túi ép tiệt trùng BMS dẹt cỡ 20cmx200m,Cuộn,Vật tư tiêu hao,Hãng SX: Liên doanh Phần Lan-VN
VT367,Túi ép tiệt trùng BMS phồng cỡ 20cmx100m,Cuộn,Vật tư tiêu hao,Hãng SX: Liên doanh Phần Lan-VN
VT210137,Túi ép tiệt trùng Lọại phồng 200mmx100m,Cuộn,Vật tư tiêu hao,Hãng SX: Asimec/Việt Nam
VT284,Túi ép tiệt trùng tự dán các cỡ,Cuộn,Vật tư tiêu hao,Hãng SX: BMS/Việt Nam
VT0278,Túi ép tiệt trùng tự dán các cỡ,Cuộn,Vật tư tiêu hao,Hãng SX: BMS/Việt Nam
PLYHCT02,Túi nilong YHCT 20x30,Gam,Vật tư tiêu hao,
PLYHCT01,Túi nilong YHCT 30x50,Gam,Vật tư tiêu hao,
VT230100,Túi nước tiểu,Chiếc,Vật tư tiêu hao,Hãng SX: Hitec/Trung Quốc - Trung Quốc
VT285,"Túi vuốt mép (túi zipper) số 2 (6x8,5cm)",Chiếc,Vật tư tiêu hao,Hãng SX: Scg vina technoLọgy /Việt Nam
VT0279,"Túi vuốt mép (túi zipper) số 2 (6x8,5cm)",Chiếc,Vật tư tiêu hao,Hãng SX: Scg vina technoLọgy /Việt Nam
VT286,Túi vuốt mép (túi zipper) số 3 (7x10cm),Chiếc,Vật tư tiêu hao,Hãng SX: Scg vina technoLọgy /Việt Nam
VT0280,Túi vuốt mép (túi zipper) số 3 (7x10cm),Chiếc,Vật tư tiêu hao,Hãng SX: Việt Nam
VT287,"Túi vuốt mép (túi zipper) số 4 (8,5x12cm)",Chiếc,Vật tư tiêu hao,Hãng SX: Scg vina technoLọgy /Việt Nam
VT0281,"Túi vuốt mép (túi zipper) số 4 (8,5x12cm)",Chiếc,Vật tư tiêu hao,Hãng SX: Việt Nam
VT288,Túi vuốt mép (túi zipper) số 5 (10x14cm),Chiếc,Vật tư tiêu hao,Hãng SX: Scg vina technoLọgy /Việt Nam
VT0282,Túi vuốt mép (túi zipper) số 5 (10x14cm),Chiếc,Vật tư tiêu hao,Hãng SX: Việt Nam
VT0283,Túi vuốt mép (túi zipper) số 6 (12x17cm),Chiếc,Vật tư tiêu hao,Hãng SX: Việt Nam
VT289,Túi vuốt mép (túi zipper) số 6 (12x17cm),Chiếc,Vật tư tiêu hao,Hãng SX: Scg vina technoLọgy /Việt Nam
VT230066,Túi vuốt mép số 2,Chiếc,Vật tư tiêu hao,Hãng SX: OEM
NT0051,Túi vuốt mép số 2,Chiếc,Vật tư tiêu hao,Hãng SX: Việt Nam
NT210037,Túi vuốt mép số 2-VN,Chiếc,Vật tư tiêu hao,Hãng SX: Việt Nam
VT230030,Túi vuốt mép số 3,Chiếc,Vật tư tiêu hao,Hãng SX: OEM
NT0052,Túi vuốt mép số 3,Chiếc,Vật tư tiêu hao,Hãng SX: Việt Nam
NT220084,Túi vuốt mép số 3,Chiếc,Vật tư tiêu hao,Hãng SX: Việt Nam
NT210038,Túi vuốt mép số 3-VN,Chiếc,Vật tư tiêu hao,Hãng SX: Việt Nam
NT220085,Túi vuốt mép số 4,Chiếc,Vật tư tiêu hao,Hãng SX: Việt Nam
NT0053,Túi vuốt mép số 4,Chiếc,Vật tư tiêu hao,Hãng SX: Việt Nam
VT230031,Túi vuốt mép số 4,Chiếc,Vật tư tiêu hao,Hãng SX: OEM
NT210039,Túi vuốt mép số 4-VN,Chiếc,Vật tư tiêu hao,Hãng SX: Việt Nam
NT0225,Túi vuốt mép số 4/VN,Cái,Vật tư tiêu hao,Hãng SX: Việt Nam
NT220086,Túi vuốt mép số 5,Chiếc,Vật tư tiêu hao,Hãng SX: Việt Nam
NT0054,Túi vuốt mép số 5,Chiếc,Vật tư tiêu hao,Hãng SX: Việt Nam
VT230032,Túi vuốt mép số 5,Chiếc,Vật tư tiêu hao,Hãng SX: OEM
NT210040,Túi vuốt mép số 5-VN,Chiếc,Vật tư tiêu hao,Hãng SX: Việt Nam
VT230067,Túi vuốt mép số 6,Chiếc,Vật tư tiêu hao,Hãng SX: OEM - Việt Nam
NT220087,Túi vuốt mép số 6,Chiếc,Vật tư tiêu hao,Hãng SX: Việt Nam
NT0145,Túi vuốt mép số 6,Chiếc,Vật tư tiêu hao,Hãng SX: Việt Nam
NT230119,Turbin dùng cho máy thở 1 lần,Chiếc,Vật tư tiêu hao,Hãng SX: Mir
NT0090,"Turbin dùng một lần cho máy chức năng hô hấp, hãng sản xuất Mir - Italia, quy cách: 60 cái/hộp",Hộp,Vật tư tiêu hao,Hãng SX: Italy
VT230065,Turbin máy đo chức năng hô hấp,Chiếc,Vật tư tiêu hao,Hãng SX: E TAI Precision Corp. - Đài Loan - đài loan
VT210138,Turbine máy đo chức năng hô hấp 1 lần,Chiếc,Vật tư tiêu hao,Hãng SX: KoKo/Mỹ
NT220012,Turbine máy đo chức năng hô hấp dùng 1 lần,Chiếc,Vật tư tiêu hao,Hãng SX: E TAI Precision Corp. - Đài Lọan
HC18092,UA G2 400T COBAS C/INTEGRA,test,Hóa chất,
HC0146,UA G2 400T COBAS C/INTEGRA,test,Hóa chất,
HC0127,UNIVERSAL DILUENT ELEC,Hộp,Hóa chất,
HC18073,UNIVERSAL DILUENT ELEC,Hộp,Hóa chất,
HC0031,UREA/ UREA NITROGEN,Hộp,Hóa chất,
2020HC44,Urea/Urea nitrogen,Hộp,Hóa chất,
2021HC37,Urea/Urea nitrogen,Hộp,Hóa chất,
HC18173,UREA/UREA NITROGEN,Hộp,Hóa chất,
HC18091,UREAL 500T COBAS C/INTEGRA,test,Hóa chất,
HC0145,UREAL 500T COBAS C/INTEGRA,test,Hóa chất,
2021HC01,Urease test,Hộp,Hóa chất,
HC0210,UREASE test,test,Hóa chất,
HC0003,Uric Acid,Hộp,Hóa chất,
2021HC09,Uric Acid,Hộp,Hóa chất,
2020HC16,Uric Acid,Hộp,Hóa chất,
HC18142,Uric Acid,Hộp,Hóa chất,
VT260037,Urine Bag,Túi,Vật tư tiêu hao,"Hãng SX: Tianchang Ganor Medical Device Co., Ltd- Trung Quốc | Nước SX: Trung Quốc"
NT220035,Vam âm đạo 1 đầu,Cái,Dụng cụ y tế,Hãng SX: Prime/Pakistan
DCYT040,Van bán nguyệt (Van âm đạo) cỡ M,Cái,Dụng cụ y tế,Hãng SX: Prime/Pakistan
VT0284,Van bán nguyệt cỡ L,Chiếc,Vật tư tiêu hao,Hãng SX: Prime/Pakistan
VT290,Van bán nguyệt cỡ L,Chiếc,Vật tư tiêu hao,Hãng SX: Prime/Pakistan
VT0285,Van bán nguyệt cỡ M,Chiếc,Vật tư tiêu hao,Hãng SX: Prime/Pakistan
VT291,Van bán nguyệt cỡ M,Chiếc,Vật tư tiêu hao,Hãng SX: Prime/Pakistan
DCYT032,Van bán nguyệt(Van âm đạo) L,Cái,Dụng cụ y tế,Hãng SX: Prime/Pakistan
NT260024,Van khí nước cho ống nội soi,Cái,Vật tư tiêu hao,"Hãng SX: Aizu Olympus Co.,Ltd | Nước SX: Nhật Bản"
VT0286,Van nong hậu môn,Chiếc,Vật tư tiêu hao,Hãng SX: Prime/Pakistan
VT292,Van nong hậu môn,Chiếc,Vật tư tiêu hao,Hãng SX: Prime/Pakistan
DCYT031,Van nong hậu môn,Cái,Dụng cụ y tế,Hãng SX: Prime/Pakistan
NT240011,Van sinh thiết,Gói,Vật tư tiêu hao,Hãng SX: Olympus/Nhật Bản
NT230127,Van sinh thiết,Gói,Vật tư tiêu hao,Hãng SX: Olympus/Nhật Bản
VT230023,"VASOFIX SAFETY FEP 22G,1IN.,0.9X25MM-AP",Chiếc,Vật tư tiêu hao,Hãng SX: B.Braun Medical Industries Sdn.Bhd
VT0022,"VASOFIX SAFETYFEP 18G, 1.75 IN.,1.3X45MM-AP",Chiếc,Vật tư tiêu hao,Hãng SX: B.Braun Medical Industries Sdn.Bhd
VT0023,"VASOFIX SAFETYFEP 22G, 1 IN.,0.9X25MM-AP",Chiếc,Vật tư tiêu hao,Hãng SX: B.Braun Medical Industries Sdn.Bhd
CON.1,Vật tư,Cái,Vật tư tiêu hao,
VT293,Viên khử khuẩn,Viên,Vật tư tiêu hao,Hãng SX: Johnson& Johnson/Mỹ
VT0287,Viên khử khuẩn,Viên,Vật tư tiêu hao,Hãng SX: Johnson & Johnson/Mỹ
VT210139,Viên khử khuẩn 2.5g,Viên,Vật tư tiêu hao,Hãng SX: Medentech Limited/Ireland
VT250078,Viên khử khuẩn ASISEPT,Viên,Vật tư tiêu hao,Hãng SX: Công ty CP Dịch vụ và Thiết bị Y tế An Sinh | Nước SX: Việt Nam
TH0012,"Viên khử khuẩn Germisep 2,5g",Viên,Vật tư tiêu hao,Hãng SX: Hovd BHD
NT0012,Viên khử khuẩn Presept,Viên,Vật tư tiêu hao,Hãng SX: Johnson & Johnson/Mỹ
NT0055,"Viên khử khuẩn Presept 2,5g - hộp 100 viên",Viên,Vật tư tiêu hao,Hãng SX: Johnson& Johnson/Mỹ
VT230070,Viên nén khử khuẩn Klorsept 17,Viên,Vật tư tiêu hao,Hãng SX: Medentech Limited/Ireland - Ireland
KN2020HC04,Violet Red Bile Agar,Chai,Hóa chất,
NT210034,Vòng đeo tay bệnh nhân-VN,Chiếc,Vật tư tiêu hao,Hãng SX: Greetmed/Trung Quốc
2020HC14,Wash Solution,Bình,Hóa chất,
HC0001,Wash Solution,Bình,Hóa chất,
2021HC07,Wash Solution,Bình,Hóa chất,
HC18140,Wash Solution,Bình,Hóa chất,
HC18151,Weekly Cleaning solution,Lọ,Hóa chất,
2021HC49,Weekly Cleaning solution,Lọ,Hóa chất,
2020HC56,Weekly Cleaning solution,Lọ,Hóa chất,
HC0041,Weekly Cleaning solution,Lọ,Hóa chất,
2021HC57,Weekly Cleaning solution,Lọ,Hóa chất,
NT230184,Xe chở đồ vải - Xe toan,Cái,Dụng cụ y tế,Hãng SX: Hải Hà
NT210061,Xe đẩy 3 tầng 2 ngăn kéo. Inox 201. KT: 50x75x105-110cm/Việt Nam,Cái,Vật tư tiêu hao,Hãng SX: Việt Nam
NT210062,Xe đẩy 4 ngăn kéo. Inox 201. KT: 50x75x110 cm/ Việt Nam,Cái,Vật tư tiêu hao,Hãng SX: Việt Nam
TBYT010,Xe đẩy bệnh nhân có cáng (VN/Inox201;kt:1900x650x700mm),Chiếc,Thiết bị y tế,Hãng SX: Việt Nam
NT0017,"Xe đẩy bệnh nhân Lucass X7, Lucass - Trung Quốc",Chiếc,Vật tư tiêu hao,Hãng SX: Trung Quốc
NT0018,"Xe đẩy bệnh nhân Lucass X8, Lucass - Trung Quốc",Chiếc,Vật tư tiêu hao,Hãng SX: Trung Quốc
NT230150,Xe đẩy bình oxy,Chiếc,Thiết bị y tế,Hãng SX: Minh Hải/Việt Nam
NT0162,Xe đẩy cáng inox (Inox 201) Kt: 1900x650x700 mm/VN,Chiếc,Thiết bị y tế,Hãng SX: Việt Nam
NT210105,"Xe đẩy cáng inox, Lọại cáng dời, chất liệu inox 201, kt:D1900xR650xC700(mm)(Việt Nam)",Chiếc,Thiết bị y tế,Hãng SX: Việt Nam
NT210057,"Xe đẩy cáng inox, Lọại cáng rời, chất liệu:inox 201. KT: D1900xR650xC700 mm/Việt Nam",Chiếc,Vật tư tiêu hao,Hãng SX: Việt Nam
NT0297,"Xe đẩy cáng, Lọại cáng dời. KT: 1900x650x700mm. Xuất xứ: Việt Nam",Chiếc,Thiết bị y tế,Hãng SX: Việt Nam
NT0093,Xe đẩy đặt máy monitor chất liệu: Inox 201. Xuất xứ: Việt Nam( đặt gia công),Chiếc,Thiết bị y tế,Hãng SX: Việt Nam
NT210106,"Xe đẩy điện tim inox 201, Lọại có bánh xe(Việt Nam)",Chiếc,Thiết bị y tế,Hãng SX: Việt Nam
NT230056,Xe đẩy hàng quân trang,Chiếc,Vật tư tiêu hao,Hãng SX: Minh Hải/Việt Nam
NT0118,Xe đẩy inox 201 Kt(900x600x400mm). Xuất xứ: Việt Nam,Chiếc,Thiết bị y tế,Hãng SX: Việt Nam
NT0131,"Xe đẩy INOX 201/ Việt Nam KT dài 1m, rộng 600mm, cao 600mm, 4 bánh xoay 360 độ xe có viền bao xung quanh cách sàn đáy 5cm",Chiếc,Thiết bị y tế,Hãng SX: Việt Nam
NT0092,Xe đẩy Inox 201/VN KT:(900x600x400)mm,Chiếc,Thiết bị y tế,Hãng SX: Việt Nam
DCYT012,Xe đẩy INOX 201VN(KT:900x600x400),Chiếc,Dụng cụ y tế,Hãng SX: Việt Nam
NT0164,"Xe đẩy inox, chất liệu inox 201/Việt Nam. KT: 1000x600x600, 4 bánh xoay 360 độ, xe có viền bao quanh cách sàn đáy 5 cm.",Chiếc,Thiết bị y tế,Hãng SX: Việt Nam
NT230151,Xe đẩy Monitor,Chiếc,Thiết bị y tế,Hãng SX: Minh Hải/Việt Nam
NT210112,Xe đẩy quần áo bệnh nhân,Cái,Vật tư tiêu hao,Hãng SX: Việt Nam
NT230152,Xe đẩy quân trang,Chiếc,Thiết bị y tế,Hãng SX: Minh Hải/Việt Nam
NT230178,Xe đẩy Y tế - Bàn inox 2 tầng để đồ vải,Cái,Dụng cụ y tế,Hãng SX: Hải Hà
NT220118,Xe lăn Lucass X7,Chiếc,Dụng cụ y tế,Hãng SX: Trung Quốc
NT230153,Xe lăn tay,Chiếc,Thiết bị y tế,Hãng SX: Lucass / Trung Quốc
NT0184,Xe lăn tay Lucas X7,Chiếc,Thiết bị y tế,Hãng SX: Trung Quốc
VTTH373,Xe lăn tay Lucassx9 - TQ,Chiếc,Vật tư tiêu hao,Hãng SX: Trung Quốc
NT0231,Xe tập đi chữ U có ghế,Chiếc,Thiết bị y tế,Hãng SX: Trung Quốc
NT0232,Xe tập đi chữ U không ghế,Chiếc,Thiết bị y tế,Hãng SX: Trung Quốc
TBYT10,"Xe tiêm 3 tầng inox (inox201, hàn liền) KT:75x45x100cm",Chiếc,Thiết bị y tế,Hãng SX: Việt Nam
NT0188,Xe tiêm 3 tầng inox 201 hàn liền,Chiếc,Dụng cụ y tế,Hãng SX: Việt Nam
NT210080,Xe tiêm 3 tầng/Việt Nam,Cái,Vật tư tiêu hao,Hãng SX: Công ty TNHH MTV Thiết bị y tế 130 Armephaco/Việt Nam
NT230055,Xe vận chuyển thuốc,Chiếc,Vật tư tiêu hao,Hãng SX: Minh Hải/Việt Nam
VT0288,Xi măng gắn cầu chụp/chốt/mắc cài,Hộp,Vật tư tiêu hao,Hãng SX: Dentocore/Pháp
VT0289,Xi măng gắn cầu chụp/chốt/mắc cài Dùng cho inox,Hộp,Vật tư tiêu hao,Hãng SX: Any Temp/Hàn Quốc
VT294,Xi măng gắn cầu chụp/chốt/mắc cài. Dùng cho inox,Hộp,Vật tư tiêu hao,Hãng SX: Dentocore/Pháp
VT295,Xi măng gắn tạm,Hộp,Vật tư tiêu hao,Hãng SX: Any Temp/Hàn Quốc
VT0290,Xi măng gắn tạm,Hộp,Vật tư tiêu hao,Hãng SX: Nhật Bản
VT210118,"Xi măng hàn, trám răng",Hộp,Vật tư tiêu hao,Hãng SX: GC/Nhật Bản
TH0236,"Xi măng hàn, trám răng ( GC Fuji 9 GP)",Hộp,Vật tư tiêu hao,Hãng SX: Nhật Bản
VT296,Xi măng hàn/trám răng ( Luting & lining Cement),Hộp,Vật tư tiêu hao,Hãng SX: Nhật Bản
VT0291,Xi măng hàn/trám răng ( Luting & lining Cement),Hộp,Vật tư tiêu hao,Hãng SX: Any Seal/Hàn Quốc
VT210119,Xi măng trám bít ống tủy,Hộp,Vật tư tiêu hao,Hãng SX: Denstply/Mỹ
TH0189,Xi măng trám bít ống tủy (AH26),Hộp,Vật tư tiêu hao,Hãng SX: Denstply/Mỹ
VT297,Xi măng trám bít ống tủy AH26,Hộp,Vật tư tiêu hao,Hãng SX: Any Seal/Hàn Quốc
VT0292,Xi măng trám bít ống tủy AH26,Hộp,Vật tư tiêu hao,Hãng SX: Nhật Bản
VT210120,"Xi măng trám, hàn răng",Hộp,Vật tư tiêu hao,Hãng SX: GC/Nhật Bản
TH0237,"Xi măng trám, hàn răng ( GC Fuji 2)",Hộp,Vật tư tiêu hao,Hãng SX: Nhật Bản
VT298,Xi măng trám/hàn răng ( Luting & lining Cement),Hộp,Vật tư tiêu hao,Hãng SX: Nhật Bản
VT210121,Xilanh Accutron MR,Bộ,Vật tư tiêu hao,Hãng SX: Shenzhen Antmed/Trung Quốc
VT0321,Xilanh hút bệnh phẩm (S Syringe),Chiếc,Vật tư tiêu hao,Hãng SX: Beckman Couter/Nhật
VT0322,Xilanh hút hóa chất (R Syringe),Chiếc,Vật tư tiêu hao,Hãng SX: Beckman Couter/Nhật
VT210122,Xilanh Optivantage 200ml,Bộ,Vật tư tiêu hao,Hãng SX: Liebel-Flarsheim/Mỹ
NT230014,Xilanh Optivantage 200ml,Cái,Vật tư tiêu hao,Hãng SX: Liebel - Flarsheim Company LLC-Mỹ
NT0125,Xịt sát khuẩn Mango,Chai,Vật tư tiêu hao,Hãng SX: Việt Nam
VT250036,XÔNG THÔNG TIỂU MỘT NHÁNH,Cái,Vật tư tiêu hao,Hãng SX: Công ty cổ phần Đất Việt Thành | Nước SX: Việt Nam
NT230048,Xốp cầm máu,Cái,Vật tư tiêu hao,Hãng SX: Trung Quốc
HCHCHC080120094431,xylose-lysine deoxycholate,Chai,Hóa chất,
2021HC11,α-Amylase,Hộp,Hóa chất,
HC18144,α-Amylase,Hộp,Hóa chất,
2020HC18,α-Amylase,Hộp,Hóa chất,
